date,open,high,low,close,volume,trading_money,trading_turnover,spread
2020-01-02,24.15,24.2,24.1,24.2,126380,3052954,86,0.05
2020-01-03,24.2,24.3,24.1,24.15,111621,2698993,87,-0.05
2020-01-06,24.1,24.1,23.9,23.9,125474,3003476,95,-0.25
2020-01-07,23.95,24.05,23.85,23.95,138914,3323894,98,0.05
2020-01-08,23.9,24.0,23.75,23.95,104827,2504768,87,0.0
2020-01-09,24.05,24.1,23.95,24.0,117712,2825113,56,0.05
2020-01-10,24.0,24.1,24.0,24.1,78520,1887630,58,0.1
2020-01-13,24.1,24.2,24.0,24.1,98286,2362714,67,0.0
2020-01-14,24.1,24.15,24.05,24.1,82232,1979940,61,0.0
2020-01-15,24.05,24.15,24.0,24.0,75252,1808259,45,-0.1
2020-01-16,24.0,24.15,24.0,24.15,98439,2369586,61,0.15
2020-01-17,24.15,24.15,24.05,24.15,81105,1955383,55,0.0
2020-01-20,24.15,24.25,24.1,24.2,172756,4174688,125,0.05
2020-01-30,23.3,23.6,22.85,22.85,564550,13097381,368,-1.35
2020-01-31,22.75,23.25,22.75,23.2,258068,5938459,141,0.35
2020-02-03,22.9,23.0,22.5,22.95,498183,11354409,400,-0.25
2020-02-04,23.0,23.15,23.0,23.1,186738,4309694,103,0.15
2020-02-05,23.1,23.15,22.85,22.95,211993,4862489,126,-0.15
2020-02-06,22.95,23.4,22.95,23.3,189373,4389850,132,0.35
2020-02-07,23.35,23.35,23.15,23.25,162003,3762269,119,-0.05
2020-02-10,23.0,23.0,22.7,23.0,239510,5474039,169,-0.25
2020-02-11,23.0,23.1,23.0,23.05,70108,1615678,73,0.05
2020-02-12,23.05,23.1,23.0,23.0,106516,2451918,92,-0.05
2020-02-13,23.05,23.1,22.9,22.9,110692,2542316,110,-0.1
2020-02-14,22.9,23.1,22.85,22.95,52493,1206224,88,0.05
2020-02-17,22.95,22.95,22.75,22.75,190259,4340957,193,-0.2
2020-02-18,22.8,22.9,22.65,22.8,225743,5126870,172,0.05
2020-02-19,22.9,23.3,22.9,23.15,335408,7752610,202,0.35
2020-02-20,23.2,23.35,23.15,23.2,205021,4757604,107,0.05
2020-02-21,23.2,23.3,23.0,23.0,196249,4537936,159,-0.2
2020-02-24,22.9,23.0,22.85,23.0,208139,4767797,142,0.0
2020-02-25,22.75,23.05,22.75,22.95,122168,2797135,79,-0.05
2020-02-26,22.95,23.0,22.8,22.9,142545,3261410,125,-0.05
2020-02-27,22.9,22.95,22.65,22.75,226072,5149453,167,-0.15
2020-03-02,22.6,22.9,22.5,22.7,233242,5290108,178,-0.05
2020-03-03,22.75,22.85,22.65,22.85,215134,4891332,136,0.15
2020-03-04,22.85,22.85,22.45,22.65,302207,6821306,110,-0.2
2020-03-05,22.65,22.9,22.65,22.8,51667,1178210,57,0.15
2020-03-06,22.75,22.8,22.45,22.65,339914,7669344,173,-0.15
2020-03-09,22.65,23.3,22.2,22.2,576192,12968090,360,-0.45
2020-03-10,21.8,22.2,21.6,22.05,381449,8374328,219,-0.15
2020-03-11,22.05,22.5,22.05,22.1,148763,3310740,135,0.05
2020-03-12,22.0,22.1,21.3,21.45,442606,9568277,252,-0.65
2020-03-13,19.65,20.2,19.5,20.2,799522,15850494,399,-1.25
2020-03-16,19.5,20.2,19.5,20.0,441579,8764680,231,-0.2
2020-03-17,18.7,20.0,18.7,19.0,362606,6964941,213,-1.0
2020-03-18,19.0,19.45,18.8,18.85,319928,6083432,204,-0.15
2020-03-19,17.75,18.5,17.4,17.6,791313,14156654,387,-1.25
2020-03-20,17.6,18.55,17.6,18.2,627417,11377656,288,0.6
2020-03-23,17.8,18.4,17.8,18.0,430279,7721130,215,-0.2
2020-03-24,18.2,18.55,18.2,18.3,312057,5726383,218,0.3
2020-03-25,18.6,19.2,18.6,18.85,270888,5116122,179,0.55
2020-03-26,18.95,19.15,18.6,19.1,340296,6445114,173,0.25
2020-03-27,19.3,19.5,19.2,19.25,460541,8905240,219,0.15
2020-03-30,18.9,19.15,18.75,18.9,207014,3909630,143,-0.35
2020-03-31,18.95,19.25,18.95,19.1,81002,1550940,67,0.2
2020-04-01,19.05,19.4,19.05,19.2,146017,2806690,93,0.1
2020-04-06,19.2,19.25,18.8,19.2,145765,2771769,122,0.0
2020-04-07,19.3,19.75,19.3,19.75,351535,6851600,159,0.55
2020-04-08,19.75,20.6,19.7,20.5,335000,6753700,220,0.75
2020-04-09,20.45,20.7,20.4,20.6,192380,3949686,143,0.1
2020-04-10,20.55,20.8,20.55,20.8,135531,2801585,98,0.2
2020-04-13,20.85,21.45,20.85,21.2,343251,7256794,204,0.4
2020-04-14,21.2,21.45,21.15,21.3,283673,6046331,145,0.1
2020-04-15,21.4,21.55,21.35,21.4,215319,4617637,141,0.1
2020-04-16,21.3,21.5,21.1,21.45,155282,3316604,99,0.05
2020-04-17,21.45,21.65,21.3,21.4,226393,4864634,129,-0.05
2020-04-20,21.4,21.55,21.1,21.3,174374,3717383,109,-0.1
2020-04-21,21.2,21.3,20.45,20.55,344916,7191915,232,-0.75
2020-04-22,20.35,20.8,20.3,20.8,164262,3372452,88,0.25
2020-04-23,20.75,21.1,20.75,21.05,94438,1980390,58,0.25
2020-04-24,20.85,21.15,20.85,21.05,57003,1196316,50,0.0
2020-04-27,21.05,21.45,21.0,21.4,206111,4384554,110,0.35
2020-04-28,21.4,21.7,21.4,21.45,137267,2955089,79,0.05
2020-04-29,21.45,21.8,21.45,21.7,199371,4320955,127,0.25
2020-04-30,21.8,21.9,21.75,21.85,216306,4723872,135,0.15
2020-05-04,21.8,21.8,21.5,21.5,176008,3808219,96,-0.35
2020-05-05,21.55,21.7,21.5,21.65,83062,1793464,65,0.15
2020-05-06,21.65,21.7,21.45,21.7,170115,3670566,102,0.05
2020-05-07,21.85,22.35,21.85,22.35,427209,9427922,243,0.65
2020-05-08,21.6,21.8,21.3,21.7,862537,18611016,407,-0.65
2020-05-11,21.75,22.05,21.6,22.05,319325,6982364,175,0.35
2020-05-12,22.1,22.35,22.1,22.3,376099,8354059,208,0.25
2020-05-13,22.3,22.5,22.0,22.45,286747,6389506,144,0.15
2020-05-14,22.4,22.6,22.3,22.45,325749,7312414,125,0.0
2020-05-15,22.4,22.75,22.15,22.7,503250,11315374,212,0.25
2020-05-18,22.5,23.25,22.45,23.2,754849,17409144,276,0.5
2020-05-19,23.25,23.5,23.0,23.25,555216,12879521,222,0.05
2020-05-20,23.35,23.5,23.25,23.5,436047,10191346,209,0.25
2020-05-21,23.65,24.2,23.65,24.0,1151000,27598250,598,0.5
2020-05-22,24.0,24.3,23.7,23.95,1148249,27631822,504,-0.05
2020-05-25,23.95,24.4,23.95,24.3,828936,20058685,351,0.35
2020-05-26,24.3,24.45,23.65,23.9,885202,21299893,409,-0.4
2020-05-27,23.85,24.0,23.8,23.9,253461,6057764,129,0.0
2020-05-28,24.35,24.8,24.0,24.1,1182435,28876590,600,0.2
2020-05-29,26.5,26.5,26.4,26.5,4872255,129111703,2076,2.4
2020-06-01,26.5,26.55,26.2,26.25,3393845,89377743,1947,-0.25
2020-06-02,26.25,26.35,26.15,26.2,950923,24945483,549,-0.05
2020-06-03,26.2,26.3,26.0,26.05,1262934,32988484,664,-0.15
2020-06-04,26.05,26.15,25.95,26.1,836674,21784403,479,0.05
2020-06-05,26.1,26.2,26.05,26.2,538987,14090952,354,0.1
2020-06-08,26.2,26.55,26.2,26.4,1300923,34356071,613,0.2
2020-06-09,26.4,26.55,26.4,26.5,478355,12671902,255,0.1
2020-06-10,26.45,26.75,26.25,26.65,1332429,35369205,618,0.15
2020-06-11,26.7,26.7,26.1,26.25,942500,24883471,548,-0.4
2020-06-12,25.85,26.4,25.8,26.35,876300,22884029,486,0.1
2020-06-15,26.35,26.75,26.3,26.45,1154874,30666549,485,0.1
2020-06-16,26.65,26.8,26.55,26.6,1377200,36688203,578,0.15
2020-06-17,26.95,27.35,26.9,27.25,2357762,63959545,1269,0.65
2020-06-18,27.5,27.55,27.15,27.5,1879666,51583926,964,0.25
2020-06-19,27.6,27.75,27.5,27.5,1169660,32262848,762,0.0
2020-06-22,27.65,27.65,27.45,27.45,1111040,30599292,667,-0.05
2020-06-23,27.5,27.55,27.4,27.5,1093011,29998201,761,0.05
2020-06-24,27.5,27.55,27.4,27.45,739807,20319098,609,-0.05
2020-06-29,27.45,27.6,27.4,27.45,1233380,33871605,744,0.0
2020-06-30,27.45,27.5,27.4,27.4,906449,24860373,712,-0.05
2020-07-01,27.45,27.55,27.4,27.5,1651365,45316584,714,0.1
2020-07-02,27.55,28.2,27.55,28.2,3731386,104284583,2459,0.7
2020-07-03,28.5,31.0,28.45,30.55,10065357,305934531,3768,2.35
2020-07-06,31.7,32.65,31.55,31.7,6574501,208888605,3143,1.15
2020-07-07,31.75,31.8,31.4,31.65,2247316,70994546,1034,-0.05
2020-07-08,31.55,32.05,31.55,31.9,2405385,76488275,1158,0.25
2020-07-09,32.0,32.1,30.7,30.7,2073678,64761969,1036,-1.2
2020-07-10,30.3,30.3,27.7,28.6,3686269,106535105,1672,-2.1
2020-07-13,28.2,29.2,28.2,29.0,904946,26110339,533,0.4
2020-07-14,28.8,28.95,27.45,28.05,1389197,39023869,708,-0.95
2020-07-15,28.1,28.5,27.8,27.9,720855,20182999,373,-0.15
2020-07-16,27.9,28.0,27.8,27.85,426400,11900478,263,-0.05
2020-07-17,28.0,28.3,27.9,28.0,857829,24050462,396,0.15
2020-07-20,28.2,28.3,27.85,28.2,612211,17160165,292,0.2
2020-07-21,28.4,29.0,28.4,28.95,958126,27598542,491,0.75
2020-07-22,29.15,29.25,29.0,29.15,659121,19200717,299,0.2
2020-07-23,29.15,29.3,29.0,29.15,445652,12995658,199,0.0
2020-07-24,29.15,29.3,28.8,29.0,617862,17926698,343,-0.15
2020-07-27,28.9,29.05,28.5,28.55,896434,25700311,323,-0.45
2020-07-28,28.5,29.0,27.95,28.2,1282477,36624327,425,-0.35
2020-07-29,28.2,28.9,28.15,28.7,940207,26819054,200,0.5
2020-07-30,28.75,29.4,28.6,29.3,1179918,34211399,369,0.6
2020-07-31,29.4,29.7,29.0,29.1,885305,25968890,408,-0.2
2020-08-03,29.5,29.8,28.4,28.5,1938582,56047428,972,0.0
2020-08-04,28.6,29.1,28.5,28.85,921634,26559670,428,0.35
2020-08-05,28.95,29.65,28.95,29.6,1025232,30006501,485,0.75
2020-08-06,29.7,30.9,29.7,30.2,1458226,44078247,783,0.6
2020-08-07,30.3,30.8,30.1,30.7,1022816,31197745,525,0.5
2020-08-10,31.0,32.6,30.9,31.9,3449975,109526187,1687,1.2
2020-08-11,32.2,32.65,30.2,30.9,2799649,87792363,1427,-1.0
2020-08-12,30.85,30.85,29.7,30.85,839754,25496054,523,-0.05
2020-08-13,31.0,31.35,30.65,31.0,484613,14989168,309,0.15
2020-08-14,30.9,32.1,30.9,31.55,1126063,35614380,612,0.55
2020-08-17,31.85,32.2,31.6,32.0,1859272,59357554,942,0.45
2020-08-18,32.5,32.65,31.75,32.0,1465768,47204231,698,0.0
2020-08-19,32.05,32.3,31.2,31.2,830426,26426063,413,-0.8
2020-08-20,31.25,31.65,29.15,30.3,1655292,50405092,929,-0.9
2020-08-21,30.15,31.1,30.15,31.0,628061,19329491,391,0.7
2020-08-24,31.15,31.7,30.8,31.25,498773,15640350,286,0.25
2020-08-25,31.3,32.3,31.3,31.7,961002,30662257,499,0.45
2020-08-26,31.85,32.0,31.6,31.8,304366,9677131,196,0.1
2020-08-27,31.95,32.15,31.1,31.45,666613,21116215,384,-0.35
2020-08-28,31.25,33.25,31.25,32.5,3901722,127135347,1915,1.05
2020-08-31,33.3,35.75,33.3,35.75,9656815,341218992,4247,3.25
2020-09-01,35.95,37.0,33.95,34.4,11768272,418544290,6545,-1.35
2020-09-02,34.5,36.8,34.5,36.25,6232346,223363369,3444,1.85
2020-09-03,39.0,39.3,37.75,38.05,7364831,283721478,4304,1.8
2020-09-04,37.1,40.4,37.1,40.1,6318975,246486134,3650,2.05
2020-09-07,40.2,40.35,38.7,38.75,5706288,224409183,3393,-1.35
2020-09-08,38.5,39.25,36.5,38.0,4953423,187198424,2986,-0.75
2020-09-09,38.4,39.8,38.0,38.2,4815176,186722490,2980,0.2
2020-09-10,38.8,39.2,37.0,37.85,3428855,130005475,2065,-0.35
2020-09-11,37.8,38.15,36.0,36.3,3549937,130124653,1952,-1.55
2020-09-14,36.4,36.8,34.65,35.8,3405137,121441832,1959,-0.5
2020-09-15,36.0,36.3,35.2,35.55,1231786,43965936,756,-0.25
2020-09-16,35.65,35.8,34.5,34.7,2293675,79978733,1331,-0.85
2020-09-17,34.85,35.3,34.05,34.3,2146501,73998829,1129,-0.4
2020-09-18,34.2,34.65,34.0,34.2,1015635,34792812,644,-0.1
2020-09-21,34.3,35.7,33.65,35.65,2768271,96615879,1657,1.45
2020-09-22,35.3,35.55,34.3,35.4,2570671,90112797,1542,-0.25
2020-09-23,35.4,35.4,33.65,33.8,2673897,91411114,1714,-1.6
2020-09-24,33.4,34.4,32.6,34.0,1728034,58440092,1099,0.2
2020-09-25,34.4,35.25,32.8,33.35,2891312,98694631,1878,-0.65
2020-09-28,33.7,34.35,33.0,34.2,901657,30542619,562,0.85
2020-09-29,34.4,34.5,33.5,33.85,817529,27747657,516,-0.35
2020-09-30,33.45,34.95,33.3,34.95,1038840,35801477,749,1.1
2020-10-05,35.0,36.0,34.6,35.65,1226748,43234973,647,0.7
2020-10-06,36.0,36.1,35.35,35.4,879025,31221630,554,-0.25
2020-10-07,35.2,36.35,35.1,35.95,953896,34194157,678,0.55
2020-10-08,36.3,36.3,35.45,35.6,904660,32374845,649,-0.35
2020-10-12,36.0,36.0,34.9,34.95,462732,16331233,404,-0.65
2020-10-13,35.4,37.0,35.4,36.65,3617840,132177571,2155,1.7
2020-10-14,37.2,38.3,36.6,37.85,3482338,130909573,2375,1.2
2020-10-15,37.85,37.85,36.65,36.95,2354020,87159290,1588,-0.9
2020-10-16,37.3,37.7,35.9,36.1,1567831,57664577,982,-0.85
2020-10-19,36.2,38.2,36.2,38.2,3118628,117184514,1898,2.1
2020-10-20,37.85,38.25,37.15,38.25,1972130,74679441,1281,0.05
2020-10-21,38.55,38.75,37.6,38.0,1081361,41112794,721,-0.25
2020-10-22,37.9,38.1,37.4,37.6,555213,20939576,408,-0.4
2020-10-23,38.05,38.75,37.6,37.8,1478602,56541994,949,0.2
2020-10-26,38.1,39.6,38.0,38.1,3462155,134289634,2187,0.3
2020-10-27,37.9,38.75,37.5,38.4,960130,36724949,666,0.3
2020-10-28,38.6,39.2,37.8,38.15,1472650,56682779,911,-0.25
2020-10-29,37.75,38.9,37.4,38.9,1442570,55304070,906,0.75
2020-10-30,39.0,39.5,38.15,38.4,1207733,46858578,785,-0.5
2020-11-02,38.15,38.95,37.75,38.7,1263477,48496131,766,0.3
2020-11-03,38.85,39.15,38.3,38.6,1167047,45073937,771,-0.1
2020-11-04,38.65,40.35,38.5,39.2,3259602,128637668,1928,0.6
2020-11-05,39.55,40.0,38.6,38.6,2547670,99543426,1547,-0.6
2020-11-06,38.75,38.85,38.2,38.35,1013048,38937097,675,-0.25
2020-11-09,38.55,41.0,38.45,40.0,4717400,188259305,2942,1.65
2020-11-10,40.0,40.45,37.45,38.15,4233802,164074446,2516,-1.85
2020-11-11,38.15,38.15,36.7,37.65,2171507,80945270,1389,-0.5
2020-11-12,38.0,38.0,37.0,37.35,1093929,40770126,692,-0.3
2020-11-13,37.35,37.7,37.0,37.1,918354,34146811,584,-0.25
2020-11-16,37.1,37.8,37.0,37.7,904330,33838534,576,0.6
2020-11-17,37.95,37.95,37.05,37.8,1264485,47299203,700,0.1
2020-11-18,37.55,38.6,37.55,38.2,1707604,65162475,957,0.4
2020-11-19,38.25,38.35,37.8,37.85,1448212,55014175,543,-0.35
2020-11-20,37.75,38.15,37.2,37.55,2312576,86979141,1204,-0.3
2020-11-23,38.4,38.4,37.7,37.75,1313455,49807941,742,0.2
2020-11-24,37.75,38.15,36.9,36.9,2313172,86294660,1241,-0.85
2020-11-25,37.15,37.2,36.45,36.55,2739474,100597134,1346,-0.35
2020-11-26,36.55,37.25,36.55,37.0,1554826,57493605,753,0.45
2020-11-27,36.9,37.1,36.5,37.05,814221,29982013,553,0.0
2020-11-30,37.05,37.2,36.7,36.8,1228905,45322496,675,-0.25
2020-12-01,36.8,36.9,36.2,36.3,839439,30512661,569,-0.5
2020-12-02,36.35,36.4,35.35,35.6,1511469,53927121,1029,-0.7
2020-12-03,35.6,36.4,35.3,35.8,1002988,36078900,685,0.2
2020-12-04,35.85,36.7,35.5,36.6,1231147,44811724,806,0.8
2020-12-07,36.55,36.55,35.15,35.5,1409012,50166372,925,-1.1
2020-12-08,35.6,37.0,35.3,36.5,1558493,56811804,939,1.0
2020-12-09,36.75,37.8,36.55,37.7,2601699,96976857,1495,1.2
2020-12-10,37.8,39.0,37.75,37.95,3769048,144285200,2104,0.25
2020-12-11,38.5,39.8,38.1,38.6,6307252,245314849,3467,0.65
2020-12-14,39.4,41.75,38.9,41.4,10305543,416701549,5825,2.8
2020-12-15,41.55,42.8,40.15,42.0,8122424,337086339,5069,0.6
2020-12-16,42.4,43.7,41.2,42.0,3350056,140858370,2035,0.0
2020-12-17,42.05,42.05,41.0,41.1,1586568,65466516,1024,-0.9
2020-12-18,41.5,42.4,40.25,40.35,3362925,138887809,2078,-0.75
2020-12-21,40.95,43.35,40.65,42.15,6576550,278269162,3854,1.8
2020-12-22,41.95,42.35,39.7,39.8,3620144,147814688,2330,-2.35
2020-12-23,40.35,40.4,39.1,40.2,1324841,52763300,765,0.4
2020-12-24,40.5,40.55,39.6,39.85,1069584,42644781,815,-0.35
2020-12-25,40.45,40.65,39.9,40.15,1260889,50741137,785,0.3
2020-12-28,40.8,43.4,40.8,43.0,6932833,296079200,3813,2.85
2020-12-29,43.4,45.0,41.05,42.2,7571252,326734579,4390,-0.8
2020-12-30,42.2,42.25,40.65,41.2,1953573,80504214,1066,-1.0
2020-12-31,41.3,41.75,40.55,41.05,1408186,57700675,877,-0.15
2021-01-04,41.6,42.15,41.0,41.45,1823873,75707341,1069,0.4
2021-01-05,41.8,41.8,40.7,40.85,1507174,61645117,932,-0.6
2021-01-06,41.15,41.15,39.55,39.6,2733371,109220097,1469,-1.25
2021-01-07,39.65,40.0,38.65,39.1,1754201,68419924,982,-0.5
2021-01-08,39.6,39.9,38.8,39.15,781809,30699610,570,0.05
2021-01-11,39.45,40.6,39.45,40.1,1371626,55057390,846,0.95
2021-01-12,40.15,40.5,38.95,39.2,1554220,61519245,973,-0.9
2021-01-13,39.1,40.1,38.8,40.05,1134001,44917032,637,0.85
2021-01-14,40.05,40.35,39.6,40.0,869628,34759977,574,-0.05
2021-01-15,39.75,39.85,37.6,38.0,2342958,90151727,1405,-2.0
2021-01-18,38.0,38.9,37.15,38.4,925094,35230399,603,0.4
2021-01-19,38.5,39.2,37.85,38.85,1544413,59604537,1323,0.45
2021-01-20,39.0,39.65,37.65,37.95,2111574,81528302,1334,-0.9
2021-01-21,38.7,39.45,37.9,38.15,1532928,59420037,1030,0.2
2021-01-22,38.3,39.35,38.0,39.2,1164833,45240812,844,1.05
2021-01-25,39.3,39.7,38.8,39.45,956588,37681971,628,0.25
2021-01-26,39.7,40.25,39.6,39.85,1871396,74756780,1174,0.4
2021-01-27,40.1,40.3,38.4,39.15,1087802,42857022,782,-0.7
2021-01-28,38.75,39.2,38.5,39.0,707199,27493662,469,-0.15
2021-01-29,39.1,39.15,38.0,38.05,1038867,39924718,700,-0.95
2021-02-01,38.05,38.05,36.8,37.4,997060,37197731,729,-0.65
2021-02-02,37.7,39.35,37.3,38.75,1505184,57995822,924,1.35
2021-02-03,38.75,39.15,38.35,38.35,530730,20581947,353,-0.4
2021-02-04,38.1,38.65,38.1,38.4,356082,13645358,268,0.05
2021-02-05,38.45,38.8,38.25,38.4,357769,13758461,249,0.0
2021-02-17,39.25,40.15,38.9,40.0,1469845,58304813,1044,1.6
2021-02-18,40.0,40.85,39.75,40.05,1613811,65007983,1019,0.05
2021-02-19,40.75,40.75,39.85,39.95,896806,35985826,537,-0.1
2021-02-22,41.5,42.75,41.25,42.15,4779286,200783830,2573,2.2
2021-02-23,42.45,42.6,41.6,41.75,1849006,77673892,1223,-0.4
2021-02-24,42.15,42.15,40.9,40.95,1779715,73544033,1047,-0.8
2021-02-25,41.1,42.35,41.1,41.85,2305010,96622420,1454,0.9
2021-02-26,41.7,45.95,41.6,45.35,9486853,421904059,5830,3.5
2021-03-02,47.0,49.8,44.6,44.85,14024354,667068990,8239,-0.5
2021-03-03,44.9,45.45,43.45,44.2,3644753,161140256,2318,-0.65
2021-03-04,44.6,44.8,43.25,43.8,2825748,124079719,1619,-0.4
2021-03-05,43.7,44.35,43.35,43.85,1327169,58126809,854,0.05
2021-03-08,43.95,44.9,43.95,44.6,2131656,94768049,1175,0.75
2021-03-09,44.6,47.75,44.4,47.7,5450471,253245176,3487,3.1
2021-03-10,48.1,49.5,46.6,47.9,12284940,586490488,6899,0.2
2021-03-11,47.95,48.6,47.55,47.8,4347908,208570341,2754,-0.1
2021-03-12,48.0,48.75,47.45,48.55,4323940,208245329,2514,0.75
2021-03-15,49.0,50.7,49.0,49.95,6839746,341058537,3894,1.4
2021-03-16,49.95,50.0,49.05,49.25,3122133,154343056,1949,-0.7
2021-03-17,49.25,51.3,49.25,50.4,5255492,265343589,3126,1.15
2021-03-18,51.0,52.8,50.9,52.5,4585494,238086867,2767,2.1
2021-03-19,52.4,54.0,51.8,53.0,3840601,203494535,2514,0.5
2021-03-22,55.3,56.6,54.0,54.6,6046674,333419908,3810,1.6
2021-03-23,54.8,55.4,52.0,53.1,4017076,214702238,2381,-1.5
2021-03-24,53.0,53.5,52.5,52.9,1494554,79139524,1009,-0.2
2021-03-25,53.0,53.1,51.5,51.7,2380977,123752160,1535,-1.2
2021-03-26,52.0,53.5,52.0,53.0,1817035,96201277,1225,1.3
2021-03-29,53.8,54.5,53.2,53.5,1859211,100127165,1160,0.5
2021-03-30,54.4,55.0,53.6,54.7,2588849,140877340,1650,1.2
2021-03-31,55.0,55.6,54.5,55.2,2093340,115536125,1423,0.5
2021-04-01,56.0,56.0,54.1,54.8,2153458,118157451,1482,-0.4
2021-04-06,55.3,55.3,53.6,54.8,2413392,131664464,1551,0.0
2021-04-07,55.0,55.8,54.6,55.1,1936132,106603464,1164,0.3
2021-04-08,55.4,55.7,54.9,55.3,1522846,84079115,1060,0.2
2021-04-09,55.1,55.1,53.1,53.6,3176744,171050855,1921,-1.7
2021-04-12,53.7,55.9,53.5,55.2,3875515,213189598,2079,1.6
2021-04-13,56.2,57.9,55.3,55.5,4980513,281595121,2820,0.3
2021-04-14,56.0,56.8,53.5,55.1,2746567,151943299,1654,-0.4
2021-04-15,55.1,55.5,54.5,55.2,1003664,55362824,657,0.1
2021-04-16,55.5,59.5,55.4,58.7,5346607,307784750,3002,3.5
2021-04-19,59.9,63.0,58.4,61.8,8534366,522136794,4785,3.1
2021-04-20,61.4,63.5,58.5,62.1,5681624,346666536,3275,0.3
2021-04-21,62.1,68.3,61.6,68.3,7531905,504560458,3389,6.2
2021-04-22,69.2,73.5,64.9,64.9,19620161,1375138295,11084,-3.4
2021-04-23,65.0,66.5,60.7,63.0,6766226,426969866,4025,-1.9
2021-04-26,64.5,69.3,64.5,69.3,6939686,470299852,3605,6.3
2021-04-27,69.2,72.0,67.8,69.3,7791436,542392498,4553,0.0
2021-04-28,69.4,70.8,68.3,68.9,4725956,328246878,2416,-0.4
2021-04-29,69.7,73.3,68.2,72.7,8337020,595155602,4765,3.8
2021-05-03,78.8,79.9,75.0,79.9,12950367,1023129219,6254,7.2
2021-05-04,81.5,83.1,72.0,72.0,18468195,1412291923,11164,-7.9
2021-05-05,71.0,75.6,68.2,73.1,9507758,693192500,6148,1.1
2021-05-06,74.0,76.0,70.3,72.9,6686998,490745010,4215,-0.2
2021-05-07,75.2,75.3,72.2,74.7,5432903,402166023,3443,1.8
2021-05-10,76.7,82.1,76.3,82.1,10284056,824520015,6588,7.4
2021-05-11,80.8,84.6,74.5,77.8,14634438,1185021593,9432,-4.3
2021-05-12,75.6,76.5,70.1,70.1,6004187,432154973,3866,-7.7
2021-05-13,63.7,69.5,63.1,68.2,6446240,426891610,4255,-1.9
2021-05-14,68.0,70.9,63.1,65.7,5355109,354229047,3414,-2.5
2021-05-17,60.0,64.0,59.2,59.8,6831978,417400484,4003,-5.9
2021-05-18,62.2,65.7,61.5,65.7,3841726,248299638,2071,5.9
2021-05-19,67.0,71.8,66.3,71.1,9478449,658533858,6083,5.4
2021-05-20,69.0,73.0,67.9,68.4,10149799,711568183,6307,-2.7
2021-05-21,70.1,72.9,69.7,71.5,11182035,796872656,6765,3.1
2021-05-24,71.9,76.0,70.2,72.0,13273081,973258382,8424,0.5
2021-05-25,74.0,74.3,68.0,70.5,7669280,544643244,4785,-1.5
2021-05-26,73.5,77.5,71.3,77.5,18697762,1409793873,9399,7.0
2021-05-27,85.2,85.2,84.0,85.2,8523697,726100832,3466,7.7
2021-05-28,93.7,93.7,93.7,93.7,4383171,410703082,1646,8.5
2021-05-31,103.0,103.0,99.3,103.0,26307526,2699308189,11391,9.3
2021-06-01,103.0,113.0,97.5,113.0,36754297,3838868367,22367,10.0
2021-06-02,124.0,124.0,122.0,124.0,15521427,1923911448,5234,11.0
2021-06-03,125.0,136.0,125.0,132.0,15683689,2047471792,10195,8.0
2021-06-04,132.0,139.5,132.0,133.0,9646553,1300818345,7046,1.0
2021-06-07,130.0,130.0,120.0,122.5,10644746,1317136142,7396,-10.5
2021-06-08,122.5,129.5,122.5,128.5,6138641,782567552,4335,6.0
2021-06-09,133.0,133.0,124.5,125.0,5654735,726415428,4241,-3.5
2021-06-10,127.5,127.5,115.5,126.0,5445960,661793825,4222,1.0
2021-06-11,129.5,138.5,128.0,133.0,12336671,1658637738,8183,7.0
2021-06-15,135.0,146.0,135.0,146.0,8577596,1211854720,5758,13.0
2021-06-16,150.0,160.5,150.0,157.0,11569170,1809537128,7567,11.0
2021-06-17,159.5,172.5,154.5,172.5,10619043,1765650319,6369,15.5
2021-06-18,175.0,189.5,174.0,189.5,38652322,7155055577,21316,17.0
2021-06-21,189.5,207.0,189.0,205.5,33113727,6702339578,21569,16.0
2021-06-22,214.5,222.5,197.0,197.0,64516352,13597392764,39715,-8.5
2021-06-23,193.5,204.5,177.5,184.0,38372515,7231322887,24472,-13.0
2021-06-24,192.0,202.0,185.5,202.0,22793057,4519376573,10706,18.0
2021-06-25,215.0,222.0,207.0,222.0,50460121,10985506727,26306,20.0
2021-06-28,231.5,244.0,228.0,244.0,33448630,7966343160,18320,22.0
2021-06-29,253.0,261.5,233.0,237.0,62314553,15552157731,42686,-7.0
2021-06-30,243.5,260.5,242.0,260.5,40098198,10098404127,24567,23.5
2021-07-01,276.0,286.5,261.0,286.5,62401421,17432790300,37613,26.0
2021-07-02,295.0,312.5,286.0,307.0,65470630,19517220926,44631,20.5
2021-07-05,315.0,321.0,284.5,294.0,55166452,16658889622,40121,-13.0
2021-07-06,303.0,313.5,283.0,283.0,40661758,12196577585,29465,-11.0
2021-07-07,295.0,305.0,256.5,290.0,52767883,15131767715,37340,7.0
2021-07-08,297.5,317.0,276.0,295.5,63489628,18790874739,43600,5.5
2021-07-09,287.0,305.0,276.5,280.0,42926044,12494067877,30686,-15.5
2021-07-12,295.5,303.0,277.5,279.5,38349856,11147868321,27054,-0.5
2021-07-13,290.0,291.5,252.0,252.0,36201311,9712563763,26065,-27.5
2021-07-14,251.0,256.0,227.0,234.5,42809284,10282791759,28648,-17.5
2021-07-15,245.0,257.5,237.0,257.5,38486354,9594508807,25152,23.0
2021-07-16,251.0,279.0,242.5,244.0,71924670,18988080173,48875,-13.5
2021-07-19,250.5,252.0,232.0,235.0,43723306,10590190398,28221,-9.0
2021-07-20,231.0,233.0,218.0,229.0,34822813,7842753489,22003,-6.0
2021-07-21,235.5,239.0,206.5,208.0,31052143,6847008040,20606,-21.0
2021-07-22,212.0,228.0,190.5,224.5,55533737,11405883609,35668,16.5
2021-07-23,225.5,233.0,210.0,210.0,49232917,10887007360,33079,-14.5
2021-07-26,210.0,217.0,202.5,206.5,27301653,5749368358,16721,-3.5
2021-07-27,203.5,206.5,189.0,190.0,28131308,5566098285,18958,-16.5
2021-07-28,192.0,197.5,179.5,183.5,29117373,5447802648,19441,-6.5
2021-07-29,189.0,201.5,185.0,201.5,32255588,6256980081,18816,18.0
2021-07-30,204.5,206.5,181.5,183.0,37491720,7337064597,23472,-18.5
2021-08-02,185.0,197.5,176.5,190.0,35419621,6662616470,22537,7.0
2021-08-03,188.0,191.0,179.0,182.5,26624535,4926174637,17871,-7.5
2021-08-04,182.5,188.0,182.0,184.5,10169710,1872693558,6935,2.0
2021-08-05,184.5,185.0,173.0,180.5,13050107,2327252257,8952,-4.0
2021-08-06,179.0,194.0,178.5,180.0,28516030,5328591150,19197,-0.5
2021-08-09,184.0,194.0,182.0,183.0,26792237,5030018512,16967,3.0
2021-08-10,194.0,196.0,181.0,187.0,36336735,6848392727,21590,4.0
2021-08-11,185.0,187.5,170.5,177.5,21172453,3803711895,14434,-9.5
2021-08-12,178.0,184.0,175.0,184.0,13998184,2515643792,9065,6.5
2021-08-13,184.0,186.0,175.0,175.0,14125373,2565529105,9401,-9.0
2021-08-16,177.0,187.0,172.0,182.5,20450724,3692657136,12675,7.5
2021-08-17,182.5,185.0,173.0,174.5,16776652,3024534964,10129,-8.0
2021-08-18,175.0,191.5,172.0,191.5,29873060,5510352991,17738,17.0
2021-08-19,187.0,191.0,173.0,174.0,25738307,4734957804,17024,-17.5
2021-08-20,176.0,181.0,174.0,177.0,14699430,2603184250,9317,3.0
2021-08-23,183.0,193.5,181.0,184.0,19330653,3656943005,13146,7.0
2021-08-24,189.0,191.0,180.0,180.0,11728933,2178996909,7750,-4.0
2021-08-25,182.0,188.0,179.5,185.0,8100238,1493523166,5256,5.0
2021-08-26,190.0,192.5,181.5,182.0,12956762,2419542780,8527,0.0
2021-08-27,181.5,185.5,177.5,178.0,6289057,1138604196,4745,-4.0
2021-08-30,181.5,184.5,179.5,182.5,5072027,921717277,3341,4.5
2021-08-31,185.5,186.0,179.0,179.5,4302383,784645594,3204,-3.0
2021-09-01,182.0,183.0,175.0,175.0,4714865,838135512,3660,-4.5
2021-09-02,175.0,179.0,173.0,177.0,4620062,818278043,3303,2.0
2021-09-03,175.0,175.5,157.0,157.5,14465986,2371749554,11167,0.0
2021-09-06,156.0,160.5,150.0,151.5,10566829,1642424386,6655,-6.0
2021-09-07,156.5,164.0,153.5,154.0,23651314,3734300980,14907,2.5
2021-09-08,153.5,155.0,149.0,154.0,9914371,1506010725,6208,0.0
2021-09-09,157.0,158.5,153.0,156.0,7585562,1177949129,4585,2.0
2021-09-10,154.5,159.5,150.5,158.0,9091700,1415788933,5994,2.0
2021-09-13,157.0,159.0,151.5,151.5,7868500,1219876733,5071,-6.5
2021-09-14,152.0,154.0,148.0,150.0,7551658,1137112102,4516,-1.5
2021-09-15,146.0,153.0,146.0,152.0,6950054,1043624351,4331,2.0
2021-09-16,152.0,153.0,149.5,153.0,3194961,483997493,2251,1.0
2021-09-17,153.0,155.5,151.5,155.5,10120591,1563318755,4219,2.5
2021-09-22,153.0,153.0,146.5,147.0,5653039,842491606,4074,-8.5
2021-09-23,149.0,153.0,148.0,151.5,5668649,851888708,3708,4.5
2021-09-24,152.0,157.0,151.5,156.0,5943195,921177141,5364,4.5
2021-09-27,155.5,158.5,149.0,149.0,6942665,1057989897,4913,-7.0
2021-09-28,146.0,148.0,141.5,143.5,7252400,1047561625,4816,-5.5
2021-09-29,143.5,146.0,139.0,139.0,7661318,1086862251,4812,-4.5
2021-09-30,141.5,146.5,139.5,144.0,5212576,743568085,3236,5.0
2021-10-01,141.5,142.5,131.0,140.0,14061810,1923143339,8073,-4.0
2021-10-04,142.0,142.0,126.0,126.0,13616380,1779541115,8728,-14.0
2021-10-05,124.0,138.0,122.0,132.5,18693496,2437801636,11823,6.5
2021-10-06,132.5,133.0,126.0,129.5,8521792,1101207252,6401,-3.0
2021-10-07,133.0,139.5,132.5,134.0,13572513,1849274620,11327,4.5
2021-10-08,135.5,136.0,130.5,132.0,4627059,614130332,2857,-2.0
2021-10-12,132.0,135.0,124.5,133.0,11811507,1532500845,9118,1.0
2021-10-13,136.0,138.0,125.5,125.5,12701499,1658418661,8075,-7.5
2021-10-14,129.0,138.0,125.5,138.0,17083964,2263900697,9307,12.5
2021-10-15,139.5,139.5,130.5,133.0,23537986,3138072650,14269,-5.0
2021-10-18,130.5,130.5,121.0,126.0,14957267,1867547838,9105,-7.0
2021-10-19,125.0,129.0,124.5,127.0,6713286,851835281,4423,1.0
2021-10-20,127.0,131.0,125.0,125.0,5324088,679832124,3617,-2.0
2021-10-21,126.0,132.0,126.0,126.5,7338252,941204556,4884,1.5
2021-10-22,126.5,127.0,120.0,122.0,6955220,854409867,4661,-4.5
2021-10-25,120.0,129.0,119.5,127.0,8219714,1033103287,5256,5.0
2021-10-26,127.0,128.5,124.0,126.5,4672542,590157106,2822,-0.5
2021-10-27,125.5,127.0,123.5,126.0,2812274,351931223,1968,-0.5
2021-10-28,127.5,130.5,125.0,125.0,4605618,587545778,3204,-1.0
2021-10-29,126.5,132.5,126.0,129.0,5819057,753246696,4045,4.0
2021-11-01,132.5,134.0,128.5,130.5,4981811,651934767,6318,1.5
2021-11-02,131.5,134.0,129.5,132.0,5287582,700059672,3808,1.5
2021-11-03,136.0,145.0,136.0,145.0,25487136,3663246655,11391,13.0
2021-11-04,148.0,149.5,136.5,139.0,25517739,3681732148,15372,-6.0
2021-11-05,134.0,139.0,131.0,134.0,17248486,2318711401,9628,-5.0
2021-11-08,137.5,141.0,133.0,139.0,13954596,1910891123,8407,5.0
2021-11-09,138.0,143.5,136.0,139.5,8885298,1239015903,6038,0.5
2021-11-10,139.5,142.5,136.5,136.5,6034416,842455627,4575,-3.0
2021-11-11,137.0,142.0,130.5,132.0,9801576,1340077472,6448,-4.5
2021-11-12,134.5,142.0,133.0,136.0,12005964,1652109303,7384,4.0
2021-11-15,139.0,140.0,133.0,133.5,8124610,1101192041,5866,-2.5
2021-11-16,132.5,138.0,132.5,137.0,6273058,850115282,4109,3.5
2021-11-17,136.0,137.0,132.5,134.0,4431847,593597957,3195,-3.0
2021-11-18,133.0,137.5,133.0,134.5,4376907,593593074,2904,0.5
2021-11-19,135.5,137.0,131.5,131.5,4218093,562575460,3059,-3.0
2021-11-22,132.5,135.5,131.5,133.5,3633776,486176981,2503,2.0
2021-11-23,133.5,136.5,133.5,134.5,3175861,429631951,2206,1.0
2021-11-24,135.0,138.0,134.0,136.5,3222940,439053453,2577,2.0
2021-11-25,137.5,139.5,136.5,136.5,4043115,557296973,2949,0.0
2021-11-26,137.5,138.0,129.5,130.0,4690552,622667597,4273,-6.5
2021-11-29,129.0,133.5,129.0,131.5,3121083,410005635,2259,1.5
2021-11-30,135.0,141.5,133.5,138.5,10811481,1497812573,7025,7.0
2021-12-01,137.0,141.0,136.0,138.0,5636197,778400158,4627,-0.5
2021-12-02,137.5,149.0,137.5,144.0,15989848,2304293293,11310,6.0
2021-12-03,145.0,147.5,141.0,142.0,8554261,1233304816,7487,-2.0
2021-12-06,143.5,148.5,143.5,145.0,6667510,975553871,4800,3.0
2021-12-07,145.5,151.0,143.5,148.0,9507310,1401488117,6760,3.0
2021-12-08,150.5,153.5,145.0,147.0,10541718,1572712023,7545,-1.0
2021-12-09,145.0,146.0,139.0,142.5,9638090,1372864298,6984,-4.5
2021-12-10,140.5,143.5,139.0,140.0,3841600,542185692,2913,-2.5
2021-12-13,142.0,142.5,139.0,139.0,2465456,346232165,1894,-1.0
2021-12-14,140.0,142.0,132.5,133.0,3593240,487171193,4113,-6.0
2021-12-15,134.0,136.5,133.0,135.0,2209915,298561123,1724,2.0
2021-12-16,137.0,137.5,134.5,135.0,2072824,281337833,1580,0.0
2021-12-17,136.0,140.0,135.5,137.0,3084063,425310563,2299,2.0
2021-12-20,138.0,139.0,135.5,136.0,1686272,230971498,1577,-1.0
2021-12-21,137.5,140.0,134.5,139.5,2655021,365631921,1838,3.5
2021-12-22,140.0,140.5,138.0,138.0,1397692,193888634,1312,-1.5
2021-12-23,139.5,139.5,136.0,136.5,1334426,183263811,1231,-1.5
2021-12-24,138.0,138.5,135.5,135.5,1091012,148857853,995,-1.0
2021-12-27,136.5,138.0,135.5,137.0,956897,130946991,782,1.5
2021-12-28,140.5,144.0,138.5,139.0,5332169,754456690,4176,2.0
2021-12-29,141.0,141.0,137.5,137.5,2055124,284637262,2048,-1.5
2021-12-30,137.0,137.5,135.5,136.5,1631315,222294933,1439,-1.0
2022-01-03,137.0,137.0,131.5,134.0,2996192,400247653,2418,-2.5
2022-01-04,133.5,135.5,132.5,134.5,1583180,212026991,1335,0.5
2022-01-05,134.5,135.5,132.0,132.5,2039865,271982289,1625,-2.0
2022-01-06,131.5,134.5,131.5,133.0,1224730,162984801,1087,0.5
2022-01-07,134.0,134.0,130.0,132.0,1604194,211606210,1377,-1.0
2022-01-10,130.0,134.0,130.0,130.5,2343281,307963923,1456,-1.5
2022-01-11,132.0,132.0,129.0,129.0,1750853,227693791,1450,-1.5
2022-01-12,130.0,130.5,126.0,127.5,3417190,435564645,2309,-1.5
2022-01-13,127.0,129.0,125.5,126.0,1867169,236849611,1436,-1.5
2022-01-14,125.5,127.5,122.5,126.5,2046425,255900323,1654,0.5
2022-01-17,125.5,125.5,123.0,123.5,1370894,169711514,1306,-3.0
2022-01-18,123.0,125.0,123.0,123.5,1217256,150688481,1429,0.0
2022-01-19,122.5,123.5,120.0,120.5,1880554,228431544,1683,-3.0
2022-01-20,120.5,123.0,119.5,122.5,1622674,197492416,1117,2.0
2022-01-21,121.5,122.5,116.0,116.0,2970843,351585018,2600,-6.5
2022-01-24,114.0,116.0,111.5,115.5,1988233,226685824,1600,-0.5
2022-01-25,114.5,115.0,110.0,110.5,1883296,210249947,2929,-5.0
2022-01-26,111.0,117.0,111.0,112.0,3760416,429831055,2845,1.5
2022-02-07,114.0,123.0,113.0,121.0,3769006,448939430,4027,9.0
2022-02-08,119.5,127.5,119.0,122.5,5754642,709370582,4663,1.5
2022-02-09,123.0,127.0,122.0,125.5,3183551,396303057,2757,3.0
2022-02-10,128.0,128.5,124.5,125.5,1669626,210765011,1565,0.0
2022-02-11,126.5,130.0,125.5,125.5,3326249,424294639,2427,0.0
2022-02-14,125.5,129.5,124.5,125.5,2977338,378965391,2357,0.0
2022-02-15,126.5,127.0,124.0,124.0,1508723,189169791,1336,-1.5
2022-02-16,126.0,129.0,126.0,128.5,2085313,266205972,1594,4.5
2022-02-17,127.5,130.0,126.0,127.0,1933275,246829796,1494,-1.5
2022-02-18,126.0,132.0,125.5,129.5,2975196,384830401,2530,2.5
2022-02-21,132.0,137.5,131.5,133.5,6953909,935900936,5004,4.0
2022-02-22,132.0,132.5,127.0,129.0,3321218,428772938,2580,-4.5
2022-02-23,131.0,133.5,130.0,131.5,1856999,244881750,1564,2.5
2022-02-24,129.0,132.5,125.5,126.5,2687190,346141660,2510,-5.0
2022-02-25,129.5,134.0,129.5,133.0,4001071,527301032,2790,6.5
2022-03-01,135.5,137.5,131.5,137.0,4571550,616333685,3292,4.0
2022-03-02,135.0,137.5,134.0,136.5,2912346,394975507,2801,-0.5
2022-03-03,137.5,150.0,137.0,150.0,14748294,2146448421,8451,13.5
2022-03-04,152.0,161.0,149.0,153.0,40258084,6266481952,28544,3.0
2022-03-07,153.0,155.0,143.5,146.5,14534491,2168074940,10765,-6.5
2022-03-08,145.0,152.0,140.0,150.0,17414719,2557011624,13112,3.5
2022-03-09,149.0,149.5,141.0,141.0,32866161,4759333484,24448,-9.0
2022-03-10,143.5,145.5,139.0,139.0,10704806,1525046136,9759,-2.0
2022-03-11,137.0,142.0,137.0,140.0,3793906,529741011,4529,1.0
2022-03-14,140.0,142.5,139.0,139.5,4158481,584023736,3085,-0.5
2022-03-15,144.0,144.0,134.0,134.0,7617250,1062846761,5097,-5.5
2022-03-16,138.5,138.5,126.0,129.0,7063343,926390989,10329,-5.0
2022-03-17,131.5,133.5,128.0,133.0,3726195,488698252,3346,4.0
2022-03-18,131.0,131.5,129.0,131.5,2656490,346036150,2249,-1.5
2022-03-21,131.0,132.0,129.5,130.5,1085575,141971575,1869,-1.0
2022-03-22,131.5,132.5,130.0,130.0,1465929,192037355,1267,-0.5
2022-03-23,131.5,131.5,129.0,129.0,1104429,143698021,1242,-1.0
2022-03-24,129.0,130.0,127.0,127.5,1467359,187764233,1524,-1.5
2022-03-25,128.0,128.5,123.0,123.0,2093546,260056268,2297,-4.5
2022-03-28,121.0,124.0,120.0,122.5,1705645,208208104,1663,-0.5
2022-03-29,123.0,124.5,122.0,122.0,1349025,166303790,1283,-0.5
2022-03-30,123.0,124.0,121.5,122.5,1570235,192464668,1386,0.5
2022-03-31,122.0,123.5,122.0,122.5,787772,96502878,799,0.0
2022-04-01,122.0,123.5,121.5,123.0,1045985,128142830,948,0.5
2022-04-06,122.5,122.5,119.0,120.0,1386067,166214549,1509,-3.0
2022-04-07,120.0,120.5,116.0,116.5,1626827,192030472,1735,-3.5
2022-04-08,118.5,122.5,118.5,122.0,1975340,238628627,1576,5.5
2022-04-11,121.0,123.0,120.0,120.0,1549548,187560298,1394,-2.0
2022-04-12,118.5,120.0,117.0,120.0,1019568,121197005,1017,0.0
2022-04-13,121.0,123.5,120.5,123.5,1325106,162505436,1152,3.5
2022-04-14,124.0,124.5,121.5,122.0,952813,117098444,873,-1.5
2022-04-15,122.0,124.5,121.0,122.0,1725674,211995530,1287,0.0
2022-04-18,122.0,122.0,119.5,120.0,996799,119931438,950,-2.0
2022-04-19,121.5,123.5,121.0,121.0,944115,115233150,834,1.0
2022-04-20,122.5,126.0,121.0,122.0,2259658,278045388,1909,1.0
2022-04-21,123.0,124.5,122.0,123.5,1104302,136313781,987,1.5
2022-04-22,122.5,124.0,121.5,122.5,1030556,126662715,883,-1.0
2022-04-25,120.5,120.5,116.0,117.0,1832394,215678497,1714,-5.5
2022-04-26,119.0,119.0,116.5,117.0,854738,100484422,889,0.0
2022-04-27,112.5,116.0,111.5,114.5,1703179,194449431,1553,-2.5
2022-04-28,115.5,117.0,114.5,116.0,763056,88198763,724,1.5
2022-04-29,117.0,120.5,116.5,118.0,1299220,154408968,1153,2.0
2022-05-03,118.5,118.5,116.0,118.0,689096,80847313,672,0.0
2022-05-04,119.0,122.5,118.5,120.5,1799849,218039585,1434,2.5
2022-05-05,123.0,124.0,121.0,122.5,1982343,243390804,1433,2.0
2022-05-06,121.0,124.0,120.0,124.0,1892549,231943102,1618,1.5
2022-05-09,124.5,125.0,118.5,120.0,2445897,295643235,2034,-4.0
2022-05-10,118.0,121.5,118.0,121.0,1190433,142975306,1017,1.0
2022-05-11,120.5,121.5,118.0,119.0,1243949,148045917,1036,-2.0
2022-05-12,118.5,120.0,114.5,114.5,1673538,195302084,1439,-4.5
2022-05-13,116.5,120.0,116.0,120.0,1409602,166489361,1140,5.5
2022-05-16,120.5,120.5,116.0,117.5,1439063,168626951,1301,-2.5
2022-05-17,117.0,118.0,114.5,115.0,1557277,180241997,1540,-2.5
2022-05-18,116.5,118.0,116.0,117.5,981097,114764600,823,2.5
2022-05-19,114.5,115.5,112.0,115.5,1628157,185394629,1487,-2.0
2022-05-20,116.0,120.0,116.0,117.0,1621100,191297468,1398,1.5
2022-05-23,118.5,126.5,118.5,124.0,5332130,657536985,4124,7.0
2022-05-24,126.0,127.0,122.0,123.5,3903261,485787691,2874,-0.5
2022-05-25,125.0,125.5,122.0,123.5,2323906,287208266,1801,0.0
2022-05-26,124.5,126.0,123.5,124.5,2550802,318184419,1778,1.0
2022-05-27,125.5,129.5,125.0,129.0,3678212,467362148,2707,4.5
2022-05-30,132.0,136.0,129.0,132.5,7462649,992941368,4967,3.5
2022-05-31,135.0,135.0,126.5,133.0,6172119,806510878,3762,0.5
2022-06-01,131.5,134.5,131.0,132.5,3151130,418421310,1899,-0.5
2022-06-02,131.0,134.5,130.5,134.0,2896784,384439827,2041,1.5
2022-06-06,135.5,138.0,135.0,137.5,4055399,554983703,3177,3.5
2022-06-07,138.0,139.0,136.5,137.5,2565704,353387490,1844,0.0
2022-06-08,141.0,141.5,138.0,138.5,3850538,536566776,2926,1.0
2022-06-09,138.5,138.5,133.0,133.0,6250463,843521754,4779,-5.5
2022-06-10,119.5,120.0,116.0,116.5,7849038,927337498,4237,0.0
2022-06-13,113.0,115.0,107.5,108.5,7012942,776207368,4213,-8.0
2022-06-14,108.5,109.5,106.0,108.0,4958278,535662094,3078,-0.5
2022-06-15,108.5,108.5,103.5,103.5,2796615,296044842,2572,-4.5
2022-06-16,105.0,105.5,97.0,97.0,5270329,529894741,4503,-6.5
2022-06-17,96.6,97.8,95.6,95.8,4249779,409670058,2986,-1.2
2022-06-20,96.1,96.1,86.8,87.0,6876210,624298690,4859,-8.8
2022-06-21,89.6,90.4,86.8,89.1,4395361,389515947,3244,2.1
2022-06-22,88.7,88.7,83.4,83.6,6162331,523882254,5708,-5.5
2022-06-23,85.2,85.3,82.0,83.0,4338568,364004789,3273,-0.6
2022-06-24,85.6,91.3,85.4,88.0,9209942,815628810,6851,5.0
2022-06-27,90.6,96.8,90.2,96.8,9860770,928492428,7128,8.8
2022-06-28,95.5,96.2,91.3,95.4,11125424,1045137573,8954,-1.4
2022-06-29,93.0,93.6,89.2,89.6,4578431,415375050,4592,-5.8
2022-06-30,88.5,88.8,85.5,86.2,3230199,281105110,2376,-3.4
2022-07-01,87.0,87.5,80.7,80.8,3953577,331611738,3043,-5.4
2022-07-04,81.3,83.0,78.5,80.9,3155955,254606887,2826,0.1
2022-07-05,82.7,84.8,79.5,83.0,3101526,254748881,2639,2.1
2022-07-06,81.7,83.4,81.0,81.2,1986737,163148450,1842,-1.8
2022-07-07,81.5,82.8,79.7,82.7,2311452,188345155,2333,1.5
2022-07-08,84.7,87.7,84.5,87.4,3264042,282031137,2753,4.7
2022-07-11,86.1,86.5,84.8,85.9,2605879,223613190,3180,-1.5
2022-07-12,83.9,84.0,80.4,80.9,2273237,185326384,2121,-5.0
2022-07-13,83.2,84.0,81.2,81.2,2130865,175099136,1506,0.3
2022-07-14,80.9,83.8,80.5,83.0,1897642,156484973,1520,1.8
2022-07-15,82.5,82.6,81.0,82.0,1131801,92730613,1304,-1.0
2022-07-18,82.2,82.9,81.3,81.4,1257807,103066503,1072,-0.6
2022-07-19,81.2,84.8,81.2,83.1,2146786,178765645,1776,1.7
2022-07-20,84.7,84.7,82.8,83.0,1354713,113391822,1177,-0.1
2022-07-21,83.6,85.9,83.6,85.9,1848008,156806427,1551,2.9
2022-07-22,86.5,89.8,86.1,88.0,2948888,258993664,3037,2.1
2022-07-25,87.0,87.3,85.0,86.3,1063149,91409829,1772,-1.7
2022-07-26,85.9,86.9,84.3,85.0,876687,74879625,868,-1.3
2022-07-27,85.2,86.1,84.7,85.0,920873,78555164,785,0.0
2022-07-28,85.7,85.8,83.3,83.3,985607,83043659,938,-1.7
2022-07-29,84.4,86.9,84.4,85.8,1919569,164943164,1600,2.5
2022-08-01,86.4,87.7,85.5,87.6,1342978,116887683,1303,1.8
2022-08-02,86.7,86.7,84.7,86.4,1803819,154606327,1814,-1.2
2022-08-03,86.4,87.2,84.5,84.8,896749,76820525,1152,-1.6
2022-08-04,85.0,85.0,83.1,84.8,1050116,88192765,778,0.0
2022-08-05,85.9,87.2,85.9,87.0,863084,74872214,758,2.2
2022-08-08,86.6,88.4,85.3,87.6,1325448,115231011,1058,0.6
2022-08-09,87.1,88.8,86.0,88.6,1670475,146468893,1371,1.0
2022-08-10,87.6,89.2,87.3,87.7,960056,84458602,1194,-0.9
2022-08-11,88.6,89.5,88.0,88.4,1201983,106295385,944,0.7
2022-08-12,88.3,89.3,87.9,88.8,1078662,95645377,840,0.4
2022-08-15,88.2,88.3,86.3,86.7,1391968,121030864,2088,-2.1
2022-08-16,86.6,87.0,85.4,85.5,857502,73680062,815,-1.2
2022-08-17,86.0,87.3,86.0,86.7,859132,74516406,708,1.2
2022-08-18,86.9,87.9,86.2,87.7,974769,84954181,828,1.0
2022-08-19,88.0,88.0,86.4,87.0,654982,57057955,646,-0.7
2022-08-22,86.0,86.0,83.1,83.8,1603555,134735731,1400,-3.2
2022-08-23,83.1,83.9,81.4,81.7,1670160,137257636,1443,-2.1
2022-08-24,82.1,82.3,81.1,81.2,856462,69841374,712,-0.5
2022-08-25,81.7,82.8,81.7,82.0,520581,42763241,494,0.8
2022-08-26,82.5,82.8,81.7,81.9,525576,43181631,628,-0.1
2022-08-29,79.0,79.0,76.7,77.2,1904917,147672917,1706,-4.7
2022-08-30,77.4,77.9,76.9,77.9,685011,53105225,585,0.7
2022-08-31,77.2,79.4,75.9,78.8,1515646,117706708,1354,0.9
2022-09-01,78.2,78.9,77.6,78.0,775048,60646007,941,-0.8
2022-09-02,78.2,78.4,74.6,74.6,1540685,116886940,1819,-3.4
2022-09-05,75.0,75.5,72.3,72.3,1303121,95982679,1119,-2.3
2022-09-06,72.5,74.1,72.3,72.4,712838,51948508,657,0.1
2022-09-07,70.1,71.5,69.1,70.5,1319820,92741994,1318,-1.9
2022-09-08,72.2,72.2,69.9,71.0,1071605,75944222,799,0.5
2022-09-12,71.3,74.4,71.1,73.1,1302170,95060978,1081,2.1
2022-09-13,73.5,74.0,72.9,73.2,664999,48764889,613,0.1
2022-09-14,69.6,73.3,69.6,72.9,802338,57561038,702,-0.3
2022-09-15,73.1,75.4,73.1,74.3,980738,72899568,1021,1.4
2022-09-16,73.5,73.6,72.4,73.2,603280,44077442,761,-1.1
2022-09-19,73.3,73.3,70.2,70.5,1107838,78794996,881,-2.7
2022-09-20,71.1,72.3,71.0,71.7,711202,51001102,611,1.2
2022-09-21,71.4,73.7,70.6,72.2,1273044,92093606,1220,0.5
2022-09-22,71.5,71.5,69.8,69.9,918851,64934567,1076,-2.3
2022-09-23,69.5,72.2,69.5,71.0,875192,62539782,876,1.1
2022-09-26,70.0,70.2,63.9,63.9,2612864,170352628,3161,-7.1
2022-09-27,64.7,67.0,63.8,66.6,1921180,125605663,1583,2.7
2022-09-28,66.6,66.6,61.3,61.4,1527817,95628308,2124,-5.2
2022-09-29,62.5,63.6,61.8,62.3,852075,53329917,762,0.9
2022-09-30,60.8,63.4,60.2,63.4,883252,54752760,780,1.1
2022-10-03,62.5,66.5,62.5,66.1,1756647,114987058,1520,2.7
2022-10-04,67.4,68.0,65.5,67.5,1548929,103526946,1364,1.4
2022-10-05,69.3,69.3,67.4,67.8,769729,52460183,1142,0.3
2022-10-06,67.6,68.3,66.2,67.8,560338,37721930,539,0.0
2022-10-07,67.7,68.4,66.9,67.1,631469,42722335,659,-0.7
2022-10-11,64.8,66.7,64.5,65.4,820270,53949228,821,-1.7
2022-10-12,65.5,65.9,61.4,61.4,1233275,77155661,1939,-4.0
2022-10-13,61.6,62.5,58.4,58.5,1814115,109409437,1936,-2.9
2022-10-14,60.0,63.2,59.9,62.2,1691329,104754853,1355,3.7
2022-10-17,60.6,61.0,56.3,59.8,1904622,110909042,2293,-2.4
2022-10-18,60.8,62.3,60.8,62.0,1294240,79816896,1174,2.2
2022-10-19,62.2,64.1,62.2,63.5,1263733,80110600,1070,1.5
2022-10-20,62.2,62.2,59.0,60.9,1960293,118001322,2043,-2.6
2022-10-21,60.7,61.7,59.8,60.3,893344,54137046,768,-0.6
2022-10-24,61.8,62.6,60.3,60.3,1457540,89284108,904,0.0
2022-10-25,60.7,61.4,58.7,59.0,2623354,156907211,1684,-1.3
2022-10-26,59.1,59.1,57.6,58.6,853560,49902561,761,-0.4
2022-10-27,59.2,61.9,58.2,61.5,1313147,79249563,990,2.9
2022-10-28,61.2,62.0,60.8,61.7,707058,43402361,692,0.2
2022-10-31,61.6,61.6,60.1,60.7,662514,40295155,590,-1.0
2022-11-01,60.8,62.0,60.4,60.8,637115,38966846,551,0.1
2022-11-02,61.5,64.0,61.2,61.2,900583,55902643,791,0.4
2022-11-03,60.5,61.1,59.7,60.7,704847,42711966,643,-0.5
2022-11-04,63.8,66.7,63.0,66.7,4294385,280631282,2584,6.0
2022-11-07,69.0,70.0,67.0,69.5,7372696,505886541,5897,2.8
2022-11-08,69.1,75.5,68.5,72.2,4685481,335999338,3896,2.7
2022-11-09,72.4,73.3,71.7,72.3,2455359,177723994,1878,0.1
2022-11-10,71.1,72.7,70.7,71.2,2307901,165162183,1967,-1.1
2022-11-11,73.3,73.5,71.1,71.6,2510940,180987594,1530,0.4
2022-11-14,72.1,72.7,71.5,71.8,1312417,94704069,1148,0.2
2022-11-15,71.8,72.5,71.0,72.1,848904,61011786,776,0.3
2022-11-16,72.2,72.9,71.6,72.3,780536,56468358,814,0.2
2022-11-17,72.6,73.1,72.2,72.4,602459,43728465,674,0.1
2022-11-18,72.9,73.1,71.5,71.7,918881,66567842,722,-0.7
2022-11-21,72.2,72.3,71.4,71.9,406726,29211996,377,0.2
2022-11-22,72.2,73.2,72.1,72.7,656033,47625774,547,0.8
2022-11-23,73.4,75.2,73.0,75.1,1351871,100524671,1415,2.4
2022-11-24,76.0,76.0,73.4,75.6,1520214,113327197,1513,0.5
2022-11-25,75.6,77.0,75.1,76.0,1152035,87771587,950,0.4
2022-11-28,76.1,77.0,75.5,76.6,1158820,88632653,890,0.6
2022-11-29,76.6,77.4,74.9,76.8,1004481,76477540,1061,0.2
2022-11-30,76.8,79.4,76.7,78.6,1506566,117994045,1067,1.8
2022-12-01,79.5,80.8,78.7,79.7,1331963,106430625,1203,1.1
2022-12-02,79.0,80.3,77.5,79.5,1771203,140334427,1583,-0.2
2022-12-05,79.0,80.2,78.2,78.3,2392629,189069111,1820,-1.2
2022-12-06,78.4,79.2,74.5,74.5,2327186,177767405,2216,-3.8
2022-12-07,74.4,75.9,73.8,74.0,1875354,139994914,716,-0.5
2022-12-08,72.9,74.0,72.3,72.5,1520995,110971805,759,-1.5
2022-12-09,73.7,73.7,72.2,72.2,1577915,114726325,771,-0.3
2022-12-12,72.3,72.3,70.8,71.5,1203612,86120552,537,-0.7
2022-12-13,72.0,73.1,71.4,72.4,1506175,108988143,713,0.9
2022-12-14,72.0,72.0,71.1,71.4,1118922,80013727,661,-1.0
2022-12-15,71.8,73.4,71.8,72.7,1764409,128083939,774,1.3
2022-12-16,72.5,78.2,72.3,76.0,7264919,554052688,5020,3.3
2022-12-19,77.1,78.6,74.4,74.6,4859110,372843577,3752,-1.4
2022-12-20,74.5,77.4,74.0,74.2,3110330,235272956,1867,-0.4
2022-12-21,74.8,76.2,74.2,75.1,2032787,152949906,1400,0.9
2022-12-22,76.0,78.2,75.8,77.0,4209958,324348753,2956,1.9
2022-12-23,76.5,76.7,75.2,76.3,1346045,102244633,1458,-0.7
2022-12-26,77.0,77.1,74.8,74.9,1055807,79732144,945,-1.4
2022-12-27,75.0,77.2,75.0,76.2,1607293,122498261,1078,1.3
2022-12-28,77.0,77.3,76.0,77.3,2021387,155053096,1419,1.1
2022-12-29,76.3,77.1,75.8,75.8,1140695,87070391,927,-1.5
2022-12-30,76.5,76.8,75.6,76.0,1218884,92781750,810,0.2
2023-01-03,76.9,77.1,76.1,76.3,1451916,111039087,1212,0.3
2023-01-04,71.2,71.2,68.5,68.5,2334740,161905655,2053,0.0
2023-01-05,69.0,69.4,68.1,68.1,770267,52917224,829,-0.4
2023-01-06,67.7,67.7,66.2,66.6,1472624,98277763,1314,-1.5
2023-01-09,66.8,66.9,65.4,66.4,1425048,94146377,1084,-0.2
2023-01-10,66.4,67.3,65.9,66.0,629153,41742512,676,-0.4
2023-01-11,66.1,67.1,66.1,66.2,685738,45643122,634,0.2
2023-01-12,66.5,66.6,64.0,64.1,1348759,87604456,1530,-2.1
2023-01-13,64.4,64.5,63.8,63.8,713906,45729879,652,-0.3
2023-01-16,64.5,64.5,62.6,62.8,588154,37087615,668,-1.0
2023-01-17,63.0,64.2,63.0,63.5,496517,31520680,535,0.7
2023-01-30,63.9,64.2,63.5,63.5,683798,43579551,573,0.0
2023-01-31,63.6,65.9,63.6,65.8,1049299,68362949,1108,2.3
2023-02-01,66.0,66.4,65.3,66.0,676879,44552587,797,0.2
2023-02-02,66.3,67.2,66.2,67.0,694878,46451700,687,1.0
2023-02-03,67.6,68.8,67.3,67.4,1405553,95598919,1208,0.4
2023-02-06,67.5,67.7,66.1,66.3,547946,36481965,777,-1.1
2023-02-07,66.4,67.2,66.3,67.1,414326,27699934,480,0.8
2023-02-08,67.2,68.2,67.0,67.9,676600,45770980,694,0.8
2023-02-09,68.0,68.5,67.8,67.8,533466,36311607,592,-0.1
2023-02-10,67.8,68.0,66.5,66.7,671930,44905105,667,-1.1
2023-02-13,66.7,66.7,65.1,65.3,787826,51523893,735,-1.4
2023-02-14,66.2,67.0,65.5,66.7,643653,42733889,640,1.4
2023-02-15,67.1,67.1,65.7,65.7,340432,22551511,483,-1.0
2023-02-16,66.0,66.5,65.8,66.4,244028,16155011,296,0.7
2023-02-17,66.1,66.5,65.6,65.7,382533,25195707,395,-0.7
2023-02-20,65.8,67.1,65.6,66.9,553588,36868986,541,1.2
2023-02-21,67.1,68.4,66.7,67.9,756799,51215455,854,1.0
2023-02-22,67.9,68.9,67.2,67.2,818648,55499573,780,-0.7
2023-02-23,67.7,69.6,67.7,68.8,1181976,81610335,1148,1.6
2023-02-24,69.9,69.9,68.5,69.0,887553,61337829,965,0.2
2023-03-01,69.0,69.4,67.6,68.5,633124,43136944,786,-0.5
2023-03-02,68.9,70.5,68.9,69.9,1186629,82989572,1050,1.4
2023-03-03,71.0,72.5,69.6,71.4,1997376,141809067,1568,1.5
2023-03-06,72.5,73.0,71.5,72.0,1642400,118611448,1347,0.6
2023-03-07,71.6,72.5,71.2,71.9,694578,49878855,825,-0.1
2023-03-08,71.4,72.2,71.1,71.8,749908,53629827,689,-0.1
2023-03-09,72.0,74.8,71.8,74.1,2443689,179430839,1794,2.3
2023-03-10,73.3,75.0,72.2,72.6,4327649,318888144,3821,-1.5
2023-03-13,72.3,79.8,72.3,79.8,12347398,964578715,8359,7.2
2023-03-14,78.2,80.9,76.0,80.1,7606144,599363643,6005,0.3
2023-03-15,81.0,81.1,76.0,76.0,7748227,601464149,6687,-4.1
2023-03-16,76.0,77.7,76.0,76.3,2963697,227579330,2112,0.3
2023-03-17,77.5,80.0,76.1,80.0,9448105,750371702,2823,3.7
2023-03-20,81.0,81.1,78.7,79.7,3109818,247560702,2416,-0.3
2023-03-21,79.8,79.8,77.6,77.6,1898938,148644195,2273,-2.1
2023-03-22,78.3,78.6,77.4,78.3,1542944,120262836,1131,0.7
2023-03-23,77.6,78.3,76.0,76.7,1650803,126289725,1643,-1.6
2023-03-24,76.7,77.0,76.3,76.3,411594,31525601,541,-0.4
2023-03-27,74.6,77.5,74.6,76.9,700243,53637669,799,0.6
2023-03-28,77.0,77.9,76.6,76.6,644037,49698824,748,-0.3
2023-03-29,76.5,77.6,76.4,77.6,697498,53788942,675,1.0
2023-03-30,78.1,78.3,77.4,77.5,574088,44641955,472,-0.1
2023-03-31,78.0,79.0,77.7,78.2,787426,61562863,726,0.7
2023-04-06,79.4,79.4,77.8,77.8,731001,57414816,1014,-0.4
2023-04-07,78.3,79.3,78.0,78.9,843704,66462241,893,1.1
2023-04-10,80.0,80.4,78.8,79.0,657143,52226937,694,0.1
2023-04-11,79.5,79.7,79.1,79.2,482174,38276351,688,0.2
2023-04-12,79.3,79.7,79.0,79.0,410970,32578182,517,-0.2
2023-04-13,78.8,78.8,77.6,77.6,871424,67973706,969,-1.4
2023-04-14,77.8,79.4,77.8,78.5,559913,44049023,492,0.9
2023-04-17,79.0,80.5,79.0,80.2,1243642,99468956,1108,1.7
2023-04-18,80.7,81.5,78.9,79.2,1050440,84274219,1600,-1.0
2023-04-19,79.9,79.9,77.8,77.8,897322,70365857,1130,-1.4
2023-04-20,78.4,78.7,77.8,78.0,506123,39543307,486,0.2
2023-04-21,78.1,78.1,76.0,76.0,657122,50400699,782,-2.0
2023-04-24,76.2,76.8,74.4,76.8,235784,17960308,300,0.8
2023-04-25,77.3,77.7,75.1,75.1,507469,38619478,578,-1.7
2023-04-26,75.2,76.2,74.6,76.0,308664,23297839,360,0.9
2023-04-27,76.5,76.5,75.0,75.8,202273,15293622,489,-0.2
2023-04-28,76.2,77.3,76.2,76.9,403929,31039616,473,1.1
2023-05-02,77.0,77.4,76.1,77.1,291305,22416638,414,0.2
2023-05-03,77.0,77.0,76.1,76.1,220888,16871168,347,-1.0
2023-05-04,76.2,76.3,75.3,75.9,263149,19955701,307,-0.2
2023-05-05,75.9,76.9,75.3,76.9,431789,32959279,374,1.0
2023-05-08,77.1,77.4,75.5,75.5,506422,38454792,609,-1.4
2023-05-09,76.1,77.9,75.6,75.6,637151,48725106,667,0.1
2023-05-10,76.5,77.4,75.9,76.6,497585,38162626,592,1.0
2023-05-11,77.1,77.1,75.4,75.5,336657,25511693,512,-1.1
2023-05-12,75.5,76.0,74.5,75.6,336669,25368758,345,0.1
2023-05-15,75.0,76.2,74.7,75.8,424708,32037968,386,0.2
2023-05-16,75.9,76.2,75.2,75.3,436165,32937051,504,-0.5
2023-05-17,75.8,76.0,74.6,75.2,435751,32781244,457,-0.1
2023-05-18,75.3,75.5,74.9,75.0,457971,34390774,461,-0.2
2023-05-19,75.0,75.6,75.0,75.5,243685,18352579,301,0.5
2023-05-22,76.0,77.0,75.8,76.7,671309,51350956,638,1.2
2023-05-23,77.0,77.4,76.5,76.9,441406,33929257,473,0.2
2023-05-24,76.9,77.9,76.8,77.8,712740,55185815,675,0.9
2023-05-25,77.6,78.0,77.1,77.4,703644,54565714,663,-0.4
2023-05-26,77.6,77.7,76.0,76.4,1345789,103017547,1353,-1.0
2023-05-29,70.1,71.8,70.0,71.7,1367410,97068345,1368,0.0
2023-05-30,71.7,71.7,70.5,70.6,992546,70338266,836,-1.1
2023-05-31,70.3,70.8,70.1,70.2,1032183,72584651,684,-0.4
2023-06-01,70.8,70.9,70.0,70.5,2158996,152169856,617,0.3
2023-06-02,71.0,71.0,70.1,70.8,1809705,127675227,553,0.3
2023-06-05,70.8,70.8,70.2,70.2,364873,25655096,451,-0.6
2023-06-06,70.6,71.9,70.2,71.4,1605335,114197670,996,1.2
2023-06-07,71.0,71.5,70.5,70.5,701107,49672703,729,-0.9
2023-06-08,71.1,73.8,70.7,72.7,1817609,131523179,1309,2.2
2023-06-09,72.8,73.8,72.6,73.5,1263991,92509724,961,0.8
2023-06-12,73.5,73.5,72.2,72.4,858091,62243029,846,-1.1
2023-06-13,72.6,73.0,72.0,72.6,442118,32059436,491,0.2
2023-06-14,72.3,73.9,72.3,72.3,621055,45298988,583,-0.3
2023-06-15,72.3,73.0,72.2,72.7,369475,26786079,372,0.4
2023-06-16,72.9,73.5,72.6,72.6,466763,34014550,464,-0.1
2023-06-19,72.5,72.5,71.8,72.0,470709,33859996,481,-0.6
2023-06-20,72.0,72.5,71.7,71.9,281467,20268420,299,-0.1
2023-06-21,71.7,71.7,70.5,70.9,592181,42019715,991,-1.0
2023-06-26,71.4,71.4,70.5,71.2,397655,28189379,355,0.3
2023-06-27,71.0,71.3,70.0,70.4,604636,42728389,578,-0.8
2023-06-28,70.5,70.5,70.1,70.3,307302,21600208,330,-0.1
2023-06-29,70.5,70.5,69.4,69.7,658599,45866796,605,-0.6
2023-06-30,69.9,71.9,69.9,70.9,1062949,75496368,794,1.2
2023-07-03,71.7,77.9,71.6,77.5,4654667,356081770,3392,6.6
2023-07-04,76.7,81.8,76.1,76.1,6015093,470025538,5037,-1.4
2023-07-05,76.1,76.3,74.1,74.3,1378048,103299131,1687,-1.8
2023-07-06,74.1,74.1,72.5,73.2,870547,63802234,877,-1.1
2023-07-07,72.5,73.8,71.5,72.0,920936,66417465,585,-1.2
2023-07-10,71.8,71.8,70.6,70.9,579155,41158564,465,-1.1
2023-07-11,71.1,71.6,70.8,71.0,419063,29769533,383,0.1
2023-07-12,70.0,70.0,68.0,68.1,1466420,100236191,1231,-2.9
2023-07-13,67.4,67.8,66.1,66.8,1280719,85596046,1240,-1.3
2023-07-14,66.9,67.7,66.7,66.7,705049,47357570,642,-0.1
2023-07-17,67.4,68.9,67.2,68.9,558643,38170274,658,2.2
2023-07-18,69.0,70.2,68.2,69.3,759692,52532633,797,0.4
2023-07-19,69.8,72.5,69.8,70.2,788355,55897704,739,0.9
2023-07-20,71.0,71.6,70.6,71.4,358583,25504152,651,1.2
2023-07-21,71.3,72.0,70.7,71.1,376953,26803839,493,-0.3
2023-07-24,71.0,71.1,70.3,70.4,281035,19841908,487,-0.7
2023-07-25,70.9,71.1,70.3,70.7,256872,18164341,493,0.3
2023-07-26,70.5,72.2,70.5,71.5,431268,30882831,388,0.8
2023-07-27,71.8,72.1,71.4,71.5,342939,24561834,960,0.0
2023-07-28,72.1,73.3,71.8,72.4,560996,40638024,938,0.9
2023-07-31,73.0,73.4,71.6,72.2,342965,24770972,538,-0.2
2023-08-01,72.9,72.9,71.8,72.8,333246,24178105,369,0.6
2023-08-02,73.4,74.1,72.5,72.8,718940,52621601,920,0.0
2023-08-04,72.8,74.1,72.8,74.1,738777,54515588,650,1.3
2023-08-07,74.1,74.1,72.7,72.9,245348,17908439,1247,-1.2
2023-08-08,74.0,78.9,74.0,76.5,2126722,163235849,1861,3.6
2023-08-09,76.4,76.8,75.8,75.8,560698,42667506,714,-0.7
2023-08-10,75.8,76.4,74.9,75.0,447700,33770326,666,-0.8
2023-08-11,75.2,76.2,74.5,75.4,462664,34909260,623,0.4
2023-08-14,75.4,75.4,73.5,74.0,363387,26966511,409,-1.4
2023-08-15,74.2,74.5,73.6,73.9,303542,22473276,566,-0.1
2023-08-16,73.9,73.9,72.1,72.9,348876,25501067,939,-1.0
2023-08-17,73.1,74.7,72.1,74.3,263976,19540899,436,1.4
2023-08-18,74.6,78.5,74.6,76.8,2010981,155339103,1920,2.5
2023-08-21,76.2,77.5,75.1,75.2,441211,33430515,1580,-1.6
2023-08-22,75.5,75.5,74.5,74.5,299159,22373293,616,-0.7
2023-08-23,75.0,75.8,74.1,75.0,333645,24956665,494,0.5
2023-08-24,75.0,75.0,73.5,73.5,386315,28594354,907,-1.5
2023-08-25,73.5,74.2,73.5,73.5,202837,14972571,281,0.0
2023-08-28,74.1,74.2,73.5,73.7,140968,10404241,285,0.2
2023-08-29,74.0,74.0,73.5,73.6,203617,15007982,755,-0.1
2023-08-30,74.3,74.3,73.4,73.9,165434,12193476,346,0.3
2023-08-31,74.0,74.7,73.9,74.5,221371,16468780,218,0.6
2023-09-01,74.6,74.6,73.8,73.8,163669,12121215,241,-0.7
2023-09-04,73.8,74.3,72.9,73.5,378082,27816596,426,-0.3
2023-09-05,73.3,74.5,73.3,74.5,261429,19394903,295,1.0
2023-09-06,74.6,74.6,73.6,73.7,152527,11267717,416,-0.8
2023-09-07,73.9,74.0,72.8,72.9,301224,22062269,339,-0.8
2023-09-08,73.0,73.9,72.8,73.3,407467,29929359,308,0.4
2023-09-11,73.4,73.8,73.1,73.1,233850,17159466,288,-0.2
2023-09-12,73.1,74.4,73.1,74.0,320980,23703848,349,0.9
2023-09-13,74.5,76.0,74.4,75.6,864457,65156511,805,1.6
2023-09-14,75.6,77.1,75.6,76.8,800836,61248292,913,1.2
2023-09-15,77.2,79.6,76.8,78.2,2482118,194844783,2358,1.4
2023-09-18,78.2,79.2,77.6,78.9,1110402,87383475,1110,0.7
2023-09-19,78.5,79.4,77.7,78.5,461828,36311467,710,-0.4
2023-09-20,79.0,79.9,78.5,78.5,815002,64544635,809,0.0
2023-09-21,78.4,79.2,77.3,77.4,425869,33265179,697,-1.1
2023-09-22,77.3,78.1,76.5,76.8,346831,26697318,1101,-0.6
2023-09-25,76.9,78.3,76.5,78.3,460069,35669407,638,1.5
2023-09-26,78.1,78.6,77.2,77.3,1066056,82888020,921,-1.0
2023-09-27,77.7,78.6,77.4,77.9,1183138,92168261,692,0.6
2023-09-28,78.3,78.5,76.8,77.0,1138313,88068218,1506,-0.9
2023-10-02,77.1,77.5,73.8,74.2,1871384,139727839,2003,-2.8
2023-10-03,74.2,75.9,74.1,74.9,1961842,147460104,696,0.7
2023-10-04,74.6,76.8,73.5,76.4,2684620,200787926,1463,1.5
2023-10-05,76.0,77.8,76.0,76.9,1669245,128475399,1067,0.5
2023-10-06,77.2,78.4,77.2,77.9,438610,34197946,521,1.0
2023-10-11,78.1,78.1,73.3,73.3,1619191,120923142,1608,-4.6
2023-10-12,73.4,73.5,71.0,72.1,1339809,96238197,1230,-1.2
2023-10-13,72.2,72.8,71.1,71.1,699812,50065331,723,-1.0
2023-10-16,71.1,71.3,70.2,70.9,574186,40616362,578,-0.2
2023-10-17,71.0,71.6,70.7,70.9,370234,26321552,369,0.0
2023-10-18,70.9,71.5,69.7,70.3,1884607,132505438,787,-0.6
2023-10-19,70.3,71.6,69.9,71.0,472713,33437979,390,0.7
2023-10-20,71.0,71.0,69.6,70.9,379375,26663318,349,-0.1
2023-10-23,70.5,71.1,70.5,70.5,184228,13032240,211,-0.4
2023-10-24,71.0,71.5,70.2,70.8,309704,21933775,331,0.3
2023-10-25,70.9,73.4,70.9,73.3,909821,66072249,851,2.5
2023-10-26,72.7,73.2,72.1,72.4,306454,22236816,375,-0.9
2023-10-27,72.9,74.6,72.5,73.5,703843,52030345,556,1.1
2023-10-30,74.0,74.0,72.5,73.2,356222,26019183,357,-0.3
2023-10-31,73.2,73.2,72.2,72.9,423956,30808355,415,-0.3
2023-11-01,73.0,74.1,72.9,74.0,374935,27568638,386,1.1
2023-11-02,74.5,74.5,73.8,74.3,330559,24526543,370,0.3
2023-11-03,74.1,74.7,73.8,74.3,247474,18351428,408,0.0
2023-11-06,74.2,75.0,73.4,75.0,596470,44372457,669,0.7
2023-11-07,77.8,78.4,76.4,76.8,2215574,171376170,2160,1.8
2023-11-08,77.1,77.9,77.1,77.3,631872,48937068,690,0.5
2023-11-09,77.3,77.5,76.8,76.9,450620,34737078,473,-0.4
2023-11-10,76.9,77.1,76.4,77.0,344204,26444698,404,0.1
2023-11-13,77.2,78.1,76.8,77.1,541232,41894745,465,0.1
2023-11-14,77.7,78.4,76.6,77.0,1020160,78901430,896,-0.1
2023-11-15,77.9,77.9,77.3,77.4,830017,64333815,609,0.4
2023-11-16,77.6,78.1,77.1,77.7,849165,65960364,677,0.3
2023-11-17,78.3,78.3,77.7,78.2,1090989,85139168,919,0.5
2023-11-20,78.5,78.5,77.8,78.2,770567,60190788,590,0.0
2023-11-21,78.0,78.6,77.9,78.4,956905,74996227,734,0.2
2023-11-22,78.5,79.2,78.5,79.2,1246176,98395601,1112,0.8
2023-11-23,76.5,76.9,75.6,75.9,1119379,85098668,949,0.0
2023-11-24,75.9,76.3,75.5,75.8,333951,25342680,319,-0.1
2023-11-27,75.8,77.4,75.8,76.1,613717,46971617,476,0.3
2023-11-28,76.6,77.9,76.6,77.3,658599,50917560,622,1.2
2023-11-29,78.0,78.1,76.6,77.0,519194,40041029,468,-0.3
2023-11-30,77.5,77.7,77.0,77.0,417803,32276300,325,0.0
2023-12-01,77.2,78.4,77.2,78.1,972977,75892788,809,1.1
2023-12-04,79.0,81.6,78.7,81.4,3083526,248185164,2500,3.3
2023-12-05,81.9,82.9,80.3,81.9,3318556,270388150,3039,0.5
2023-12-06,81.7,81.7,79.5,80.6,1912674,154007825,1604,-1.3
2023-12-07,80.7,80.8,79.4,80.0,1149676,92046985,1220,-0.6
2023-12-08,80.1,80.9,79.6,80.2,632131,50640411,969,0.2
2023-12-11,80.5,81.5,80.0,81.0,1055381,85242562,870,0.8
2023-12-12,81.7,83.8,81.5,82.4,2949043,243721925,2531,1.4
2023-12-13,83.1,83.9,82.1,83.8,2034226,169462957,1928,1.4
2023-12-14,84.5,84.5,82.1,82.5,1388306,114979800,2055,-1.3
2023-12-15,82.7,83.9,82.7,82.7,1365481,113831469,904,0.2
2023-12-18,87.3,90.9,87.1,90.9,9240539,834985701,5231,8.2
2023-12-19,92.6,99.0,90.5,94.5,26022750,2468114433,21834,3.6
2023-12-20,94.6,96.5,92.4,94.0,8824285,828347244,6439,-0.5
2023-12-21,93.6,101.0,92.6,96.0,19515253,1895969444,15076,2.0
2023-12-22,96.1,98.5,94.5,95.1,11451799,1105970974,7892,-0.9
2023-12-25,90.3,91.5,86.6,88.2,7859535,696901066,7158,-6.9
2023-12-26,87.8,90.8,87.8,89.0,3871086,346522386,3362,0.8
2023-12-27,90.6,90.9,88.2,88.5,2916837,260517589,2818,-0.5
2023-12-28,89.1,89.2,86.6,87.0,1667343,145590675,1800,-1.5
2023-12-29,87.3,87.8,86.6,86.7,960091,83543886,942,-0.3
2024-01-02,90.0,91.5,86.9,87.4,5914672,525771043,4339,0.7
2024-01-03,88.4,89.2,87.4,88.3,2559722,226384105,2092,0.9
2024-01-04,89.6,95.6,88.5,92.6,9871500,912349265,7569,4.3
2024-01-05,93.2,98.0,91.8,96.5,8292829,783586766,7045,3.9
2024-01-08,98.0,98.0,94.5,96.1,5114061,491366611,4866,-0.4
2024-01-09,91.9,92.5,89.5,90.0,5313207,482546336,4078,-6.1
2024-01-10,89.9,90.8,88.5,89.3,3014278,269789504,2601,-0.7
2024-01-11,89.6,91.8,89.6,89.8,1571974,142211126,1642,0.5
2024-01-12,91.3,94.0,91.2,92.8,5627468,521385472,4119,3.0
2024-01-15,93.8,96.5,92.6,93.8,4429029,418312304,4233,1.0
2024-01-16,94.2,94.4,91.3,91.9,2087750,193000560,2091,-1.9
2024-01-17,92.8,93.8,90.2,90.6,1634266,149719259,1563,-1.3
2024-01-18,91.5,93.6,91.1,92.9,1926613,178603849,1706,2.3
2024-01-19,93.4,93.4,91.7,92.2,1008639,93029769,1569,-0.7
2024-01-22,91.6,92.8,90.7,92.2,1086178,99553978,1191,0.0
2024-01-23,92.1,93.1,90.6,90.9,1861283,170026832,1828,-1.3
2024-01-24,91.5,93.5,91.1,93.0,1625260,150800866,1357,2.1
2024-01-25,93.0,93.0,91.4,91.5,890132,81823427,1961,-1.5
2024-01-26,91.4,92.4,90.4,90.4,1035087,94053775,1167,-1.1
2024-01-29,90.5,92.0,90.2,92.0,647704,59107168,997,1.6
2024-01-30,92.1,92.6,90.7,90.7,791609,72247390,877,-1.3
2024-01-31,90.8,91.7,90.2,90.4,549631,49778542,636,-0.3
2024-02-01,90.4,92.3,90.4,91.6,1151405,105749402,1009,1.2
2024-02-02,91.6,91.6,87.8,88.0,3690100,327752348,3712,-3.6
2024-02-05,88.4,91.8,87.2,88.7,2174645,192810339,1793,0.7
2024-02-15,89.2,89.5,88.1,88.3,1416755,125556561,1227,-0.4
2024-02-16,88.9,90.0,88.1,88.5,841991,74664473,884,0.2
2024-02-19,88.5,89.5,88.5,89.5,683198,60936366,766,1.0
2024-02-20,90.0,90.7,89.4,90.1,999438,90083161,932,0.6
2024-02-21,90.8,92.6,90.8,92.3,2840891,261338877,2724,2.2
2024-02-22,92.4,94.4,91.5,93.9,2758312,257858001,2771,1.6
2024-02-23,94.6,94.6,91.8,92.0,1509268,139952332,2109,-1.9
2024-02-26,92.2,92.8,91.4,92.0,762304,70132503,1373,0.0
2024-02-27,91.8,92.7,90.7,91.0,877146,80157649,895,-1.0
2024-02-29,91.5,92.9,91.4,92.1,1343051,124059402,1127,1.1
2024-03-01,92.4,92.4,90.4,91.0,1570802,143013290,1382,-1.1
2024-03-04,91.2,92.5,89.6,92.0,1647734,149976936,1647,1.0
2024-03-05,92.0,95.0,91.8,94.0,2618844,245003538,2507,2.0
2024-03-06,93.8,94.5,92.7,92.7,1134702,105862209,1688,-1.3
2024-03-07,93.0,94.1,92.8,92.9,1257790,117374165,1101,0.2
2024-03-08,94.3,94.9,91.2,93.2,4019876,375409706,3671,0.3
2024-03-11,93.9,94.4,92.8,93.0,1672947,156343285,1375,-0.2
2024-03-12,93.1,93.8,91.9,93.4,1717439,159799992,1709,0.4
2024-03-13,93.4,95.0,93.4,94.8,2996378,283295684,2502,1.4
2024-03-14,95.9,100.5,95.2,97.7,7273727,713054073,6692,2.9
2024-03-15,97.0,97.0,91.1,92.1,12839478,1184213808,6644,-5.6
2024-03-18,92.5,94.4,91.3,94.4,2097388,195764576,1800,2.3
2024-03-19,94.4,97.6,94.4,97.0,2432148,234460132,2844,2.6
2024-03-20,97.2,99.0,96.6,96.8,2255790,220571345,3377,-0.2
2024-03-21,97.1,99.0,97.1,98.6,2261172,222486853,2798,1.8
2024-03-22,99.5,99.5,95.6,97.6,1694562,164362249,1988,-1.0
2024-03-25,97.6,98.4,96.6,97.3,763791,74325510,1326,-0.3
2024-03-26,97.9,97.9,93.4,94.0,1426981,135541215,1889,-3.3
2024-03-27,94.1,96.3,93.1,95.8,1179091,112172160,1515,1.8
2024-03-28,96.3,96.8,95.8,96.6,889066,85749812,1272,0.8
2024-03-29,96.7,96.7,93.9,94.9,924540,87620701,1454,-1.7
2024-04-01,95.0,95.1,93.3,93.5,854235,80259050,970,-1.4
2024-04-02,93.5,94.5,93.0,94.3,628574,58971537,609,0.8
2024-04-03,93.9,93.9,93.0,93.7,409020,38267438,613,-0.6
2024-04-08,93.5,94.5,92.9,94.4,602835,56331138,754,0.7
2024-04-09,95.5,98.7,95.2,96.6,2571185,250113159,2424,2.2
2024-04-10,97.7,97.7,95.7,95.9,807167,77679769,1516,-0.7
2024-04-11,95.9,98.3,95.8,97.8,1508294,147109904,1278,1.9
2024-04-12,98.5,107.5,98.1,106.0,5780107,600209663,4710,8.2
2024-04-15,99.8,100.0,95.4,95.8,6205554,599196585,6142,-10.2
2024-04-16,95.2,95.2,91.7,92.5,2817869,263076752,3157,-3.3
2024-04-17,93.1,96.6,93.1,96.4,1491452,142002916,1373,3.9
2024-04-18,95.6,96.6,94.7,94.9,852120,81340021,1007,-1.5
2024-04-19,94.2,96.5,92.2,93.7,1606483,151667682,1418,-1.2
2024-04-22,94.8,97.4,94.3,95.0,1817874,174373222,1555,1.3
2024-04-23,96.0,96.6,95.4,96.1,1017447,97676752,834,1.1
2024-04-24,96.9,97.6,95.9,97.4,1489910,144751957,1480,1.3
2024-04-25,97.7,98.2,96.3,96.4,797762,77452331,2082,-1.0
2024-04-26,96.4,99.3,95.8,98.6,1980564,194385010,2090,2.2
2024-04-29,102.0,106.0,100.5,104.0,3373620,350964921,3097,5.4
2024-04-30,105.0,105.0,100.0,102.0,1403417,142595330,2310,-2.0
2024-05-02,103.5,105.0,102.0,102.0,1131768,116868496,1650,0.0
2024-05-03,104.0,104.0,100.5,101.0,919401,94130276,2776,-1.0
2024-05-06,101.5,102.0,99.4,99.6,858355,86050953,1364,-1.4
2024-05-07,100.0,102.0,99.5,99.9,1050962,105593406,940,0.3
2024-05-08,101.0,103.0,98.5,98.5,1807912,180040642,1657,-1.4
2024-05-09,98.6,101.0,98.6,99.3,2058606,205705840,1625,0.8
2024-05-10,100.0,109.0,100.0,109.0,6533656,698869093,5045,9.7
2024-05-13,113.0,119.5,112.0,115.5,18379299,2136133357,11318,6.5
2024-05-14,114.5,117.0,108.5,111.0,15462431,1747712194,11227,-4.5
2024-05-15,110.0,110.0,105.0,108.5,4367661,468077355,4243,-2.5
2024-05-16,108.5,113.0,107.0,113.0,3153647,346853483,2526,4.5
2024-05-17,113.5,114.0,109.0,110.5,2544795,282448125,2124,-2.5
2024-05-20,111.5,113.0,108.0,108.5,2018226,221966812,1956,-2.0
2024-05-21,108.5,108.5,106.0,107.0,1238670,132804702,1116,-1.5
2024-05-22,107.0,107.5,105.0,106.5,1282362,136352735,1303,-0.5
2024-05-23,107.5,107.5,104.5,105.0,1268060,133567285,1153,-1.5
2024-05-24,106.0,109.5,106.0,107.5,2262814,243254363,1770,2.5
2024-05-27,110.0,118.0,110.0,118.0,7383221,849147774,4770,10.5
2024-05-28,118.0,124.0,114.5,115.0,9648038,1146990637,6775,-3.0
2024-05-29,116.5,118.0,112.5,113.5,3568247,410333814,2691,-1.5
2024-05-30,114.0,116.5,112.5,113.0,2046597,233943290,1662,-0.5
2024-05-31,115.0,116.0,110.0,111.5,2981477,337323636,2138,-1.5
2024-06-03,115.5,115.5,111.0,112.0,1578779,177781748,1385,0.5
2024-06-04,111.5,111.5,108.5,110.5,1656430,181902403,1587,-1.5
2024-06-05,112.0,115.5,110.0,110.0,5504035,619700513,4959,-0.5
2024-06-06,112.0,114.0,110.0,112.5,3449476,386576479,2317,2.5
2024-06-07,113.0,114.0,111.0,112.5,2558305,288548349,2009,0.0
2024-06-11,112.5,114.5,101.5,101.5,6346611,683683984,5047,0.0
2024-06-12,101.0,102.0,95.4,97.3,4114743,402378543,4269,-4.2
2024-06-13,100.0,101.5,99.0,99.5,3185959,318134840,2540,2.2
2024-06-14,99.6,101.0,98.3,100.0,2179336,217179630,2223,0.5
2024-06-17,101.0,101.5,99.5,100.0,1541806,154544086,1050,0.0
2024-06-18,101.0,101.5,99.8,99.9,854513,85681278,775,-0.1
2024-06-19,100.5,103.0,100.0,100.0,1574008,159397802,1246,0.1
2024-06-20,101.0,102.0,100.0,101.5,1084559,109697165,863,1.5
2024-06-21,102.5,103.5,100.5,100.5,1866009,190128275,1213,-1.0
2024-06-24,101.0,101.0,98.7,98.9,1229016,121881112,1145,-1.6
2024-06-25,98.9,99.7,98.2,99.6,563543,55746083,670,0.7
2024-06-26,100.0,100.0,98.3,98.4,786287,77654819,1031,-1.2
2024-06-27,99.1,99.5,98.2,98.5,382238,37737429,442,0.1
2024-06-28,98.7,99.0,97.3,97.5,792164,77505084,900,-1.0
2024-07-01,98.4,98.9,97.3,97.6,707011,69362824,717,0.1
2024-07-02,98.2,98.9,97.3,98.1,733081,71917060,787,0.5
2024-07-03,98.9,100.5,98.2,98.4,891303,88290573,929,0.3
2024-07-04,99.1,99.1,97.2,97.6,825601,80715633,946,-0.8
2024-07-05,98.0,98.0,96.1,96.4,1088176,105017550,1344,-1.2
2024-07-08,95.5,95.5,92.0,93.1,1652639,154218254,2442,-3.3
2024-07-09,96.0,97.9,94.1,95.8,1825719,174616831,1856,2.7
2024-07-10,96.9,97.3,95.8,96.0,769159,74264679,1103,0.2
2024-07-11,96.8,97.2,96.1,96.3,518946,50099998,558,0.3
2024-07-12,97.0,98.4,96.1,96.8,959478,93283724,901,0.5
2024-07-15,96.8,97.6,95.5,96.4,606371,58305137,743,-0.4
2024-07-16,96.8,97.2,96.2,96.8,388811,37547002,491,0.4
2024-07-17,96.8,97.4,96.3,97.0,504254,48792226,554,0.2
2024-07-18,97.2,98.3,96.4,97.2,989190,96177919,937,0.2
2024-07-19,97.2,97.2,93.2,93.2,1188611,111937418,1545,-4.0
2024-07-22,92.6,92.6,89.9,91.2,1145439,104013930,1152,-2.0
2024-07-23,91.6,93.7,91.6,93.1,505007,46896380,532,1.9
2024-07-26,90.9,92.2,90.9,91.9,315387,28902583,482,-1.2
2024-07-29,92.3,92.8,90.9,90.9,431894,39507674,568,-1.0
2024-07-30,90.9,93.0,90.8,93.0,472235,43367280,471,2.1
2024-07-31,92.2,93.1,92.1,92.8,264859,24566607,313,-0.2
2024-08-01,93.5,94.7,92.6,94.5,615000,57867050,561,1.7
2024-08-02,93.7,95.4,93.1,93.8,799091,75385874,724,-0.7
2024-08-05,91.2,91.2,84.6,85.3,1604416,138268830,1619,-8.5
2024-08-06,87.0,90.7,84.1,87.1,1138017,98885544,1109,1.8
2024-08-07,88.2,93.2,87.6,92.8,1114563,101069092,990,5.7
2024-08-08,92.0,92.0,88.0,91.2,862834,77756379,1468,-1.6
2024-08-09,91.2,92.3,89.0,89.0,3255513,293019400,2728,-2.2
2024-08-12,88.3,91.1,88.2,90.3,836206,75281902,1490,1.3
2024-08-13,91.0,91.0,89.0,89.3,531790,47637103,812,-1.0
2024-08-14,89.8,90.6,88.8,88.9,509089,45630721,582,-0.4
2024-08-15,89.6,90.5,89.0,90.1,483592,43472079,487,1.2
2024-08-16,90.5,91.5,90.0,90.1,423008,38241091,516,0.0
2024-08-19,90.8,90.8,89.8,90.1,315834,28523771,403,0.0
2024-08-20,90.2,91.0,89.9,89.9,305531,27603683,473,-0.2
2024-08-21,90.3,90.4,89.1,89.1,592269,52989954,705,-0.8
2024-08-22,89.2,89.7,89.1,89.2,220854,19733936,278,0.1
2024-08-23,89.2,89.3,88.3,88.9,443148,39323219,510,-0.3
2024-08-26,88.9,90.7,88.9,89.2,543924,48851006,603,0.3
2024-08-27,89.3,89.3,88.0,88.2,546194,48225814,665,-1.0
2024-08-28,89.0,89.0,88.0,88.2,304779,26886633,394,0.0
2024-08-29,88.2,88.6,87.5,88.6,399540,35142578,384,0.4
2024-08-30,89.0,89.7,88.6,89.6,416037,37193879,444,1.0
2024-09-02,89.9,89.9,88.3,88.3,332341,29512371,477,-1.3
2024-09-03,88.4,88.4,87.5,87.5,592699,52049260,665,-0.8
2024-09-04,86.1,86.1,83.1,84.6,730947,61905327,973,-2.9
2024-09-05,85.3,86.1,83.6,83.8,531227,45070323,778,-0.8
2024-09-06,84.0,84.7,83.5,84.4,321943,27108610,381,0.6
2024-09-09,83.5,83.7,82.7,83.7,518848,43128286,588,-0.7
2024-09-10,84.0,85.1,83.0,83.2,640226,53724871,556,-0.5
2024-09-11,83.9,85.2,83.4,84.7,346280,29258741,355,1.5
2024-09-12,85.6,85.8,85.0,85.7,245408,20985510,296,1.0
2024-09-13,85.8,86.5,85.7,85.8,261861,22540129,337,0.1
2024-09-16,85.8,86.4,85.3,86.0,178206,15323447,240,0.2
2024-09-18,86.0,87.1,85.6,85.6,279708,24129161,376,-0.4
2024-09-19,85.6,86.4,85.4,86.2,257773,22156342,315,0.6
2024-09-20,86.9,86.9,85.7,86.4,353705,30504816,499,0.2
2024-09-23,86.3,87.1,85.8,86.6,326262,28230093,651,0.2
2024-09-24,87.0,89.5,87.0,88.2,1673140,147972113,1567,1.6
2024-09-25,89.4,89.4,88.1,89.2,1112553,98922077,1298,1.0
2024-09-26,90.4,92.6,89.3,89.7,3443396,313752042,3042,0.5
2024-09-27,90.0,91.2,89.8,90.9,989958,89625105,1004,1.2
2024-09-30,91.2,91.2,88.6,88.9,783527,70104491,910,-2.0
2024-10-01,88.6,90.9,88.6,90.1,851115,76765389,745,1.2
2024-10-04,87.0,88.7,86.5,86.8,1091017,95168608,1608,-3.3
2024-10-07,87.9,87.9,85.6,86.5,540870,46695900,601,-0.3
2024-10-08,86.6,86.8,85.9,86.5,418906,36141150,480,0.0
2024-10-09,86.6,86.9,85.6,85.6,399946,34411425,534,-0.9
2024-10-11,86.0,86.1,85.6,85.6,241297,20699631,304,0.0
2024-10-14,85.6,86.0,85.3,85.6,259300,22192882,281,0.0
2024-10-15,85.7,86.5,85.7,86.2,251780,21704036,306,0.6
2024-10-16,85.5,87.4,85.5,86.8,521560,45226337,448,0.6
2024-10-17,86.8,88.0,86.8,87.5,362786,31764043,395,0.7
2024-10-18,87.5,87.7,86.5,86.6,256824,22358930,431,-0.9
2024-10-21,87.0,87.8,86.9,87.1,309239,26989478,341,0.5
2024-10-22,87.2,87.6,86.6,87.1,360973,31375810,421,0.0
2024-10-23,87.1,87.8,87.0,87.0,302051,26364810,292,-0.1
2024-10-24,87.0,87.6,86.3,86.6,252894,22000462,317,-0.4
2024-10-25,87.3,87.8,87.0,87.1,233912,20418306,272,0.5
2024-10-28,88.0,88.4,87.1,87.1,296553,26011499,349,0.0
2024-10-29,87.4,87.4,85.7,85.7,411616,35506649,444,-1.4
2024-10-30,86.5,86.6,85.3,85.5,265538,22743907,356,-0.2
2024-11-01,85.3,87.5,85.2,87.4,509723,44135117,504,1.9
2024-11-04,88.1,88.4,86.6,86.6,396856,34632697,411,-0.8
2024-11-05,86.6,87.9,86.4,87.2,408350,35685054,400,0.6
2024-11-06,87.8,87.8,87.1,87.4,187388,16361994,398,0.2
2024-11-07,87.4,87.4,86.5,86.8,552662,48025454,590,-0.6
2024-11-08,86.6,87.6,85.6,85.8,1321794,114224590,1489,-1.0
2024-11-11,86.4,86.7,85.8,86.0,647752,55772619,1341,0.2
2024-11-12,86.6,87.7,85.5,86.5,1161347,100691115,1473,0.5
2024-11-13,87.0,87.1,85.6,86.0,741507,63812316,887,-0.5
2024-11-14,86.8,86.8,83.0,83.8,1224385,103520382,1515,-2.2
2024-11-15,84.1,85.7,83.9,85.4,727573,61980451,790,1.6
2024-11-18,85.3,85.8,84.9,85.1,398002,33946064,647,-0.3
2024-11-19,85.1,87.4,85.1,87.3,695762,60365745,883,2.2
2024-11-20,87.6,88.5,87.1,87.6,922589,81110586,1214,0.3
2024-11-21,87.7,88.4,87.5,87.6,862611,75852382,1112,0.0
2024-11-22,87.9,88.0,87.2,87.2,1147816,100463308,1371,-0.4
2024-11-25,84.6,84.6,83.0,83.0,3757984,312736351,1448,0.0
2024-11-26,83.0,83.6,82.8,82.8,480806,39935204,720,-0.2
2024-11-27,82.8,82.8,80.0,80.1,1460575,118170508,1841,-2.7
2024-11-28,79.2,80.2,79.2,79.3,530679,42187147,793,-0.8
2024-11-29,79.3,79.5,78.6,78.7,543064,42857496,710,-0.6
2024-12-02,79.3,80.3,78.8,79.0,417287,33115011,549,0.3
2024-12-03,79.5,80.3,79.1,79.5,528407,42072277,582,0.5
2024-12-04,79.3,79.9,78.9,79.1,379310,30037492,445,-0.4
2024-12-05,79.1,79.5,78.6,78.6,661776,52238095,855,-0.5
2024-12-06,78.7,79.9,78.7,79.7,355129,28278448,409,1.1
2024-12-09,79.7,82.7,79.7,81.3,1272533,104064895,1312,1.6
2024-12-10,81.7,82.7,80.5,80.6,486159,39525228,669,-0.7
2024-12-11,80.5,81.2,79.7,79.7,394241,31650537,600,-0.9
2024-12-12,80.0,80.3,79.1,79.1,312876,24910777,565,-0.6
2024-12-13,78.8,79.8,78.4,79.2,518800,40996436,636,0.1
2024-12-16,79.3,79.4,78.0,78.0,427279,33599857,577,-1.2
2024-12-17,78.0,78.8,78.0,78.3,364413,28561364,452,0.3
2024-12-18,78.3,78.4,77.6,78.1,397679,31014160,490,-0.2
2024-12-19,77.0,77.9,77.0,77.3,382958,29646917,580,-0.8
2024-12-20,77.1,78.4,77.1,77.6,250696,19513321,344,0.3
2024-12-23,78.1,78.5,77.7,78.5,252657,19726870,374,0.9
2024-12-24,78.6,79.3,78.5,78.5,268054,21133560,360,0.0
2024-12-25,79.0,79.5,78.6,79.3,266787,21103441,352,0.8
2024-12-26,80.0,80.4,79.4,79.6,319454,25523319,549,0.3
2024-12-27,80.0,80.3,79.1,79.1,194561,15519350,719,-0.5
2024-12-30,79.3,80.2,79.3,80.1,220075,17568188,318,1.0
2024-12-31,80.5,80.5,79.7,79.8,154682,12360702,395,-0.3
2025-01-02,79.5,81.3,79.5,80.6,397165,32072916,567,0.8
2025-01-03,81.0,81.6,80.2,80.3,213311,17229632,517,-0.3
2025-01-06,80.5,81.0,80.4,80.5,186218,15031381,343,0.2
2025-01-07,81.0,81.0,80.2,80.2,114147,9174905,314,-0.3
2025-01-08,80.3,80.5,79.9,80.0,153121,12271542,226,-0.2
2025-01-09,80.6,80.6,77.2,77.2,668867,52223134,937,-2.8
2025-01-10,77.0,77.7,76.4,77.4,351675,27058513,486,0.2
2025-01-13,77.0,77.0,74.1,74.9,593740,44544535,842,-2.5
2025-01-14,74.8,75.7,74.5,75.5,529013,39742339,556,0.6
2025-01-15,75.6,76.0,75.0,75.0,297918,22479937,418,-0.5
2025-01-16,76.2,76.2,74.7,74.9,318099,23912277,580,-0.1
2025-01-17,74.9,75.8,74.8,75.3,176136,13266052,293,0.4
2025-01-20,75.8,75.8,74.5,74.9,192024,14399994,499,-0.4
2025-01-21,75.4,76.4,75.4,75.7,321561,24425436,370,0.8
2025-01-22,76.3,76.6,75.6,76.5,216070,16480187,498,0.8
2025-02-03,76.4,76.6,75.2,75.4,334328,25339224,794,-1.1
2025-02-04,75.6,75.6,73.8,74.0,619168,46055956,1121,-1.4
2025-02-05,74.8,76.0,74.5,75.7,338789,25615603,443,1.7
2025-02-06,75.7,76.4,75.7,76.3,149515,11359881,291,0.6
2025-02-07,76.0,76.6,75.7,75.9,222252,16912807,339,-0.4
2025-02-10,75.9,76.3,75.5,76.3,243296,18489966,408,0.4
2025-02-11,76.4,77.0,76.0,76.0,330756,25261955,543,-0.3
2025-02-12,76.7,78.1,76.7,76.9,731995,56643337,750,0.9
2025-02-13,77.6,78.2,77.0,78.0,542478,42175855,688,1.1
2025-02-14,78.4,78.8,77.8,78.4,401706,31509258,1065,0.4
2025-02-17,79.0,79.2,77.9,79.0,589698,46388003,717,0.6
2025-02-18,79.5,79.5,78.6,78.7,340745,26901298,554,-0.3
2025-02-19,79.0,79.6,79.0,79.3,304052,24103911,442,0.6
2025-02-20,79.8,80.1,79.5,79.8,436938,34886570,608,0.5
2025-02-21,79.6,80.1,79.3,79.7,377663,30135678,498,-0.1
2025-02-24,79.6,80.5,79.2,80.4,482373,38645116,623,0.7
2025-02-25,81.1,81.1,80.0,80.2,442154,35600855,626,-0.2
2025-02-26,80.9,81.2,80.5,80.5,368522,29741689,509,0.3
2025-02-27,80.5,82.4,80.5,80.8,659064,53643479,795,0.3
2025-03-03,80.1,80.2,79.5,79.6,343385,27384828,794,-1.2
2025-03-04,79.2,80.4,78.5,80.3,388099,30912926,476,0.7
2025-03-05,81.1,81.4,79.7,80.2,198698,15949632,653,-0.1
2025-03-06,80.4,80.9,80.1,80.2,240887,19366277,543,0.0
2025-03-07,81.0,81.7,80.8,80.8,1012055,82141652,1158,0.6
2025-03-10,80.3,80.3,79.3,79.6,531019,42335926,1104,-1.2
2025-03-11,79.1,80.1,78.1,79.8,488814,38710059,767,0.2
2025-03-12,80.2,80.5,79.5,79.5,372535,29794029,576,-0.3
2025-03-13,80.2,80.7,79.4,79.4,406283,32561992,573,-0.1
2025-03-14,80.1,80.2,79.1,79.3,357738,28420241,584,-0.1
2025-03-17,79.8,80.3,79.5,79.6,295506,23600552,573,0.3
2025-03-18,80.2,80.4,79.6,80.1,354566,28399690,597,0.5
2025-03-19,80.6,80.6,78.7,78.8,536941,42630745,844,-1.3
2025-03-20,79.6,79.7,79.0,79.2,351014,27863876,638,0.4
2025-03-21,80.0,80.0,78.7,79.4,2233283,177193931,734,0.2
2025-03-24,79.5,80.5,79.5,80.2,363153,29113785,863,0.8
2025-03-25,80.5,81.1,79.7,79.8,430006,34591542,1318,-0.4
2025-03-26,79.9,80.2,79.8,79.8,161511,12906334,939,0.0
2025-03-27,79.9,79.9,79.3,79.3,124986,9940863,399,-0.5
2025-03-28,79.5,79.5,76.5,76.7,569908,44149688,887,-2.6
2025-03-31,76.0,76.0,74.0,74.5,688519,51430068,835,-2.2
2025-04-01,75.0,76.7,74.8,76.4,341994,26039121,409,1.9
2025-04-02,76.3,76.9,76.0,76.7,117778,9017632,170,0.3
2025-04-07,69.1,69.1,69.1,69.1,123804,8554772,515,-7.6
2025-04-08,62.2,65.0,62.2,62.2,1361131,85071847,1424,-6.9
2025-04-09,61.5,62.7,56.8,57.9,1474900,88128443,1387,-4.3
2025-04-10,63.6,63.6,63.6,63.6,190284,12102034,196,5.7
2025-04-11,63.6,69.0,61.2,68.5,1932947,130252704,1738,4.9
2025-04-14,69.9,74.1,69.3,69.7,1786023,127650861,1656,1.2
2025-04-15,71.3,72.2,70.5,72.2,585947,41816942,1008,2.5
2025-04-16,72.0,72.2,71.2,71.7,456065,32694890,492,-0.5
2025-04-17,71.0,71.5,70.1,70.6,315516,22292203,372,-1.1
2025-04-18,71.1,72.9,71.1,71.1,311499,22357245,411,0.5
2025-04-21,70.2,70.2,69.3,69.8,374928,26176716,482,-1.3
2025-04-22,69.2,70.1,69.0,69.0,243687,16926786,399,-0.8
2025-04-23,70.5,70.5,69.7,70.1,225489,15819025,417,1.1
2025-04-24,70.2,70.9,70.2,70.5,171252,12099247,488,0.4
2025-04-25,70.5,71.2,70.1,70.2,236079,16648368,316,-0.3
2025-04-28,70.2,71.1,70.2,70.8,209535,14793580,356,0.6
2025-04-29,70.8,71.4,70.6,71.4,175796,12504059,284,0.6
2025-04-30,71.4,71.5,70.5,70.5,174894,12409559,246,-0.9
2025-05-02,71.4,72.3,71.2,72.0,306303,22042803,334,1.5
2025-05-05,72.0,72.4,69.8,70.5,258987,18309173,430,-1.5
2025-05-06,70.5,71.6,70.5,71.6,183448,13071703,199,1.1
2025-05-07,72.0,72.0,71.0,71.0,128827,9190515,338,-0.6
2025-05-08,71.5,71.7,71.1,71.1,152025,10862754,168,0.1
2025-05-09,71.3,73.0,71.3,72.8,465614,33598302,382,1.7
2025-05-12,73.2,73.9,73.2,73.6,198635,14630414,324,0.8
2025-05-13,79.0,80.5,76.2,77.3,1050817,81623859,1028,3.7
2025-05-14,78.0,79.5,77.6,79.3,1019298,80375704,1168,2.0
2025-05-15,80.2,80.9,79.1,79.1,1007418,80703436,1046,-0.2
2025-05-16,79.1,85.5,79.1,84.5,3246734,270134669,2719,5.4
2025-05-19,85.2,85.3,81.5,81.8,1411280,117202795,4555,-2.7
2025-05-20,82.1,82.3,81.1,81.2,534169,43540365,1253,-0.6
2025-05-21,81.1,81.5,80.3,80.6,339687,27454071,682,-0.6
2025-05-22,80.5,83.0,79.2,82.1,1091883,89367459,1083,1.5
2025-05-23,82.5,82.6,80.5,80.8,705838,57477368,1187,-1.3
2025-05-26,82.0,82.3,80.8,81.6,553899,45237252,700,0.8
2025-05-27,82.1,82.5,80.3,80.3,431477,34991459,528,-1.3
2025-05-28,80.6,81.0,79.4,79.8,286477,22955306,391,-0.5
2025-05-29,80.1,80.8,79.4,79.8,244731,19556310,333,0.0
2025-06-02,80.1,80.1,78.8,79.0,323409,25636913,387,-0.8
2025-06-03,79.3,79.9,79.0,79.1,209744,16666132,246,0.1
2025-06-04,80.0,80.0,79.1,79.2,179558,14249976,299,0.1
2025-06-05,79.2,79.6,77.0,77.1,811735,63303606,1013,-2.1
2025-06-06,77.1,77.8,76.8,77.0,442209,34129808,487,-0.1
2025-06-09,77.0,77.0,75.3,76.0,924185,70283412,1148,-1.0
2025-06-10,73.1,73.8,72.6,72.7,805912,58872056,972,0.0
2025-06-11,72.7,74.6,72.5,73.9,498261,36758907,571,1.2
2025-06-12,74.0,74.3,73.6,74.2,224443,16584509,342,0.3
2025-06-13,73.8,74.5,73.2,73.2,321683,23732810,504,-1.0
2025-06-16,73.0,73.0,72.0,72.9,294851,21375707,305,-0.3
2025-06-17,72.9,74.1,72.4,73.9,329220,24114599,326,1.0
2025-06-18,73.5,74.2,73.0,73.5,144989,10689069,234,-0.4
2025-06-19,73.5,73.9,72.8,72.8,137369,10051493,216,-0.7
2025-06-20,72.8,73.0,72.1,72.7,196266,14220468,251,-0.1
2025-06-23,72.2,72.2,70.5,71.2,250350,17786955,325,-1.5
2025-06-24,71.8,72.9,71.8,72.6,120412,8730007,149,1.4
2025-06-25,73.0,73.0,71.6,72.5,224453,16222468,249,-0.1
2025-06-26,72.5,73.8,72.5,73.1,223760,16368184,224,0.6
2025-06-27,73.7,73.7,72.6,72.7,170340,12424068,203,-0.4
2025-06-30,73.4,73.4,72.0,72.1,96931,7010916,157,-0.6
2025-07-01,72.3,73.3,71.6,72.0,148974,10799741,189,-0.1
2025-07-02,72.0,72.8,72.0,72.2,58750,4247919,163,0.2
2025-07-03,72.7,73.5,72.6,73.2,142373,10406435,284,1.0
2025-07-04,73.5,73.5,72.3,72.3,110584,8028097,225,-0.9
2025-07-07,72.3,72.3,71.2,71.6,103121,7399263,151,-0.7
2025-07-08,72.0,72.3,71.0,71.2,151314,10791207,236,-0.4
2025-07-09,71.5,72.1,71.3,71.7,174726,12529841,223,0.5
2025-07-10,71.7,71.8,71.0,71.6,208357,14864897,277,-0.1
2025-07-11,71.2,72.2,71.2,72.0,232603,16690504,258,0.4
2025-07-14,72.0,73.0,72.0,72.1,194263,14088404,197,0.1
2025-07-15,72.3,72.4,71.7,72.0,140180,10088462,167,-0.1
2025-07-16,71.8,72.5,71.8,72.2,158913,11462448,197,0.2
2025-07-17,72.2,72.5,72.1,72.3,89085,6437681,110,0.1
2025-07-18,72.6,72.7,71.6,71.6,184474,13293611,255,-0.7
2025-07-21,71.5,71.6,71.2,71.5,101433,7242268,192,-0.1
2025-07-22,71.5,72.2,70.9,70.9,274154,19591211,325,-0.6
2025-07-23,71.2,72.4,71.2,72.3,261252,18804637,226,1.4
2025-07-24,72.4,73.4,71.9,71.9,245765,17849172,353,-0.4
2025-07-25,72.1,73.4,72.1,72.2,136757,9925934,214,0.3
2025-07-28,72.2,72.2,71.4,71.7,161758,11609275,231,-0.5
2025-07-29,71.9,71.9,70.8,70.8,259442,18475443,353,-0.9
2025-07-30,70.8,71.2,70.7,70.9,233382,16528419,231,0.1
2025-07-31,71.1,71.1,70.0,70.3,231525,16290057,367,-0.6
2025-08-01,70.0,71.1,69.2,70.6,147800,10407497,188,0.3
2025-08-04,70.6,71.1,70.0,71.0,271211,19196324,456,0.4
2025-08-05,71.0,71.6,71.0,71.2,111365,7929991,150,0.2
2025-08-06,71.3,71.6,71.0,71.6,159484,11393702,210,0.4
2025-08-07,71.6,71.8,71.2,71.2,110273,7878282,244,-0.4
2025-08-08,71.6,72.7,71.6,72.5,603667,43642535,576,1.3
2025-08-11,72.7,73.0,72.1,72.6,346633,25108503,471,0.1
2025-08-12,72.3,73.0,72.3,72.7,190937,13915416,469,0.1
2025-08-13,72.9,73.0,71.6,71.8,238460,17228808,658,-0.9
2025-08-14,72.6,73.0,72.1,72.7,206534,14998266,354,0.9
2025-08-15,73.1,73.2,72.1,72.7,141650,10282426,397,0.0
2025-08-18,73.2,73.3,72.9,73.0,238848,17456654,320,0.3
2025-08-19,72.9,72.9,72.1,72.3,208873,15120056,678,-0.7
2025-08-20,72.7,72.7,70.7,71.4,383725,27300944,449,-0.9
2025-08-21,71.7,71.7,71.1,71.2,156851,11192542,217,-0.2
2025-08-22,71.2,71.5,71.0,71.2,118092,8400667,234,0.0
2025-08-25,71.2,71.2,70.9,71.0,253404,17992618,269,-0.2
2025-08-26,70.9,71.0,70.6,70.7,241099,17079143,325,-0.3
2025-08-27,70.7,71.6,70.7,71.3,193205,13761674,219,0.6
2025-08-28,71.1,72.3,71.0,72.0,199113,14320502,399,0.7
2025-08-29,72.0,72.0,71.3,71.3,153165,10975799,652,-0.7
2025-09-01,71.3,71.6,70.4,70.7,270675,19170045,333,-0.6
2025-09-02,70.7,71.0,70.0,70.4,305011,21479431,388,-0.3
2025-09-03,70.4,70.5,70.1,70.1,164998,11599203,228,-0.3
2025-09-04,70.4,71.6,70.4,71.4,180451,12848205,227,1.3
2025-09-05,71.5,72.0,71.4,71.5,208842,14975004,576,0.1
2025-09-08,71.4,71.7,71.2,71.4,124676,8907924,713,-0.1
2025-09-09,71.4,71.6,71.0,71.4,145859,10399888,228,0.0
2025-09-10,71.5,71.5,71.0,71.1,234680,16717895,258,-0.3
2025-09-11,71.1,71.3,69.7,69.9,662030,46489867,762,-1.2
2025-09-12,70.0,70.4,70.0,70.2,165344,11616214,197,0.3
2025-09-15,70.2,70.4,69.9,70.1,154882,10849978,203,-0.1
2025-09-16,70.1,70.2,69.8,70.0,198729,13911917,205,-0.1
2025-09-17,70.2,70.7,70.1,70.1,119652,8426480,200,0.1
2025-09-18,70.7,71.2,70.6,70.8,173786,12311856,216,0.7
2025-09-19,70.8,72.4,70.8,72.4,489644,35150207,566,1.6
2025-09-22,72.4,72.4,70.5,70.7,250502,17754405,1677,-1.7
2025-09-23,70.7,70.7,70.1,70.3,216531,15223129,279,-0.4
2025-09-24,70.3,70.6,70.1,70.2,155676,10941824,208,-0.1
2025-09-25,70.3,70.9,70.2,70.2,117593,8285428,151,0.0
2025-09-26,70.2,70.8,69.2,69.6,423539,29435206,538,-0.6
2025-09-30,69.8,70.1,69.1,70.0,207356,14438011,225,0.4
2025-10-01,70.0,70.1,69.3,69.6,217838,15177156,381,-0.4
2025-10-02,69.4,69.7,68.3,68.6,604910,41693143,780,-1.0
2025-10-03,68.8,68.8,68.3,68.5,185255,12701382,277,-0.1
2025-10-07,68.5,68.5,67.8,67.8,536056,36523746,676,-0.7
2025-10-08,67.8,68.4,67.3,68.2,239959,16243459,390,0.4
2025-10-09,68.3,68.4,67.7,67.9,256936,17466728,463,-0.3
2025-10-13,67.0,67.6,66.0,67.4,303313,20279331,424,-0.5
2025-10-14,67.6,72.3,67.6,70.0,1986375,140497254,1852,2.6
2025-10-15,70.1,70.1,68.3,69.3,736464,50857286,2274,-0.7
2025-10-16,69.3,69.6,69.2,69.6,185038,12844249,368,0.3
2025-10-17,69.6,71.1,69.0,69.0,355877,24797679,439,-0.6
2025-10-20,69.9,69.9,68.4,69.2,250715,17248070,360,0.2
2025-10-21,69.4,69.4,69.0,69.2,143099,9888024,298,0.0
2025-10-22,69.2,69.8,69.0,69.2,116900,8115839,147,0.0
2025-10-23,69.7,69.7,69.0,69.2,122752,8496590,543,0.0
2025-10-27,69.3,69.6,69.0,69.3,221658,15348242,280,0.1
2025-10-28,69.5,69.6,68.8,68.9,166851,11522506,314,-0.4
2025-10-29,69.0,69.3,68.8,69.3,289117,19976251,257,0.4
2025-10-30,69.6,71.5,69.6,70.6,1129547,79931925,1182,1.3
2025-10-31,71.0,71.2,69.7,69.7,444903,31254627,1572,-0.9
2025-11-03,70.4,70.6,69.5,69.5,219739,15364584,355,-0.2
2025-11-04,69.4,70.1,68.9,68.9,218702,15119641,744,-0.6
2025-11-05,68.4,68.9,67.8,68.3,208456,14203732,239,-0.6
2025-11-06,69.4,69.4,68.7,69.3,117516,8124503,177,1.0
2025-11-07,69.7,70.7,69.3,69.6,434598,30332273,447,0.3
2025-11-10,69.2,69.2,67.9,68.0,441957,30146016,978,-1.6
2025-11-11,68.0,68.0,66.5,66.8,825625,55370870,1067,-1.2
2025-11-12,67.3,67.9,67.3,67.5,244235,16518389,296,0.7
2025-11-13,67.9,67.9,67.1,67.6,164160,11066172,320,0.1
2025-11-14,67.4,68.3,67.1,67.3,272071,18428543,342,-0.3
2025-11-17,67.6,67.6,66.2,66.3,425438,28320667,607,-1.0
2025-11-18,66.3,66.4,65.1,65.5,469577,30799984,613,-0.8
2025-11-19,65.7,66.2,65.2,65.2,199573,13101715,239,-0.3
2025-11-20,65.6,66.6,65.6,65.8,198827,13119292,253,0.6
2025-11-21,65.7,66.0,65.0,65.2,304264,19847068,391,-0.6
2025-11-24,65.0,65.5,65.0,65.5,137009,8944582,158,0.3
2025-11-25,65.7,66.1,65.4,65.6,148117,9730084,180,0.1
2025-11-26,65.5,67.4,65.5,67.3,304367,20385721,323,1.7
2025-11-27,67.3,67.4,66.6,66.8,155991,10419271,660,-0.5
2025-11-28,66.8,67.1,66.7,67.0,149875,10030512,162,0.2
2025-12-01,66.7,67.5,66.6,66.6,223454,14974140,367,-0.4
2025-12-02,66.8,67.3,66.6,66.7,225691,15099490,205,0.1
2025-12-03,66.8,67.5,66.7,66.7,173316,11595863,167,0.0
2025-12-04,67.5,68.7,67.5,67.6,591197,40190281,486,0.9
2025-12-05,68.0,68.3,66.6,66.8,299413,20097394,428,-0.8
2025-12-08,66.6,66.6,66.0,66.1,225977,14956675,353,-0.7
2025-12-09,66.3,66.3,65.0,65.1,521580,34032121,618,-1.0
2025-12-10,65.1,65.5,64.7,64.7,374828,24356474,373,-0.4
2025-12-11,64.9,65.0,64.4,64.7,314488,20339327,421,0.0
2025-12-12,65.0,65.3,64.7,64.8,254177,16510727,245,0.1
2025-12-15,65.0,65.6,64.8,65.2,215931,14086018,350,0.4
2025-12-16,65.0,65.2,64.5,65.0,222592,14434927,533,-0.2
2025-12-17,65.6,65.6,64.8,65.0,205054,13390163,193,0.0
2025-12-18,65.0,65.2,64.7,65.1,257183,16711625,238,0.1
2025-12-19,65.4,65.7,65.3,65.7,209441,13714980,238,0.6
2025-12-22,65.7,66.1,65.2,66.0,252313,16586483,432,0.3
2025-12-23,66.0,66.3,65.9,66.3,167066,11040794,199,0.3
2025-12-24,66.3,67.8,66.3,66.6,330069,22124304,433,0.3
2025-12-26,66.6,66.9,66.3,66.6,191798,12780491,259,0.0
2025-12-29,66.6,67.3,66.6,67.0,320195,21453653,354,0.4
2025-12-30,66.7,67.0,66.2,67.0,192558,12815739,359,0.0
2025-12-31,66.7,67.0,66.3,67.0,155560,10366156,291,0.0
2026-01-02,67.1,67.8,67.0,67.1,378877,25569986,485,0.1
2026-01-05,67.1,67.2,65.6,66.0,420068,27750466,1224,-1.1
2026-01-06,66.0,66.5,65.8,66.3,156202,10349414,199,0.3
2026-01-07,66.2,67.5,66.1,67.0,292659,19577404,322,0.7
2026-01-08,67.3,67.4,66.8,67.4,196130,13183386,524,0.4
2026-01-09,67.7,67.9,66.8,67.1,123598,8294668,505,-0.3
2026-01-12,67.1,67.1,66.1,66.8,342557,22828810,623,-0.3
2026-01-13,66.9,67.3,66.3,66.4,172882,11501943,457,-0.4
2026-01-14,67.2,67.2,66.4,66.9,282329,18867424,308,0.5
2026-01-15,66.6,67.3,66.6,67.1,149349,10004318,206,0.2
2026-01-16,67.2,67.2,66.1,66.2,472821,31377553,647,-0.9
2026-01-19,66.3,66.7,66.0,66.2,377129,25009332,397,0.0
2026-01-20,66.5,67.2,66.5,67.1,403157,27011251,417,0.9
2026-01-21,67.1,67.8,66.9,67.1,555912,37463328,795,0.0
2026-01-22,67.4,68.3,67.3,68.2,558886,38003657,716,1.1
2026-01-23,68.4,68.4,67.2,67.5,301043,20320912,626,-0.7
2026-01-26,67.5,67.5,66.5,66.9,258052,17250950,469,-0.6
2026-01-27,66.9,67.4,66.4,66.4,356722,23823840,415,-0.5
2026-01-28,66.5,68.4,66.4,66.4,473210,31744688,481,0.0
2026-01-29,66.5,66.6,65.5,65.8,549798,36268311,610,-0.6
2026-01-30,65.9,65.9,64.9,64.9,456175,29714922,533,-0.9
2026-02-02,65.2,65.2,63.6,65.0,408032,26241125,504,0.1
2026-02-03,65.0,65.4,64.8,65.0,258646,16841967,303,0.0
2026-02-04,65.0,65.7,64.9,65.3,236277,15446822,267,0.3
2026-02-05,65.3,66.1,65.3,65.7,252169,16572512,477,0.4
2026-02-06,65.7,65.7,64.4,65.2,274879,17842283,357,-0.5
2026-02-09,65.5,65.7,64.2,64.4,277130,17942530,518,-0.8
2026-02-10,64.5,64.5,63.9,64.1,240996,15457923,383,-0.3
2026-02-11,64.1,64.3,63.6,64.1,280111,17908217,419,0.0
2026-02-23,64.3,64.9,64.3,64.8,322330,20848500,421,0.7
2026-02-24,64.9,65.3,64.6,64.8,329316,21350052,426,0.0
2026-02-25,64.8,64.9,64.1,64.2,524814,33747889,571,-0.6
2026-02-26,64.4,64.8,64.2,64.3,364573,23502009,428,0.1
